Clave de Entidad,Clave de Municipio,Pob Riesgo,Nuevos Casos,T Incidencia
01,001,3447,24,6.962576153176675
01,002,1509,160,106.03048376408218
01,003,3479,8,2.2995113538373095
01,004,1660,21,12.650602409638553
01,005,2962,8,2.700877785280216
01,006,1500,12,8.0
01,007,3822,17,4.4479330193615905
01,008,1981,5,2.523977788995457
01,009,2388,4,1.6750418760469012
01,010,3972,6,1.5105740181268883
01,011,1566,172,109.83397190293742
02,001,1971,49,24.860476915271438
02,002,3071,21,6.838163464669488
02,003,1868,234,125.2676659528908
02,004,2330,134,57.51072961373391
02,005,1847,24,12.994044396318355
02,006,1897,27,14.232999472851871
03,001,1874,12,6.4034151547492
03,002,3296,29,8.798543689320388
03,003,1616,252,155.94059405940595
03,008,2045,60,29.339853300733495
03,009,2142,300,140.0560224089636
04,001,1691,28,16.55824955647546
04,002,2700,19,7.037037037037037
04,003,2337,30,12.836970474967908
04,004,1802,24,13.318534961154272
04,005,2271,1,0.44033465433729635
04,006,1554,20,12.87001287001287
04,007,1700,23,13.529411764705882
04,008,1577,8,5.072923272035511
04,009,1623,28,17.25200246457178
04,010,1550,20,12.903225806451612
04,011,1958,0,0.0
04,012,1936,22,11.363636363636363
05,001,1712,21,12.266355140186915
05,002,1645,22,13.373860182370821
05,003,3243,12,3.700277520814061
05,004,1778,4,2.249718785151856
05,005,1907,11,5.768222338751967
05,006,1695,7,4.129793510324483
05,007,2730,17,6.227106227106227
05,008,1911,14,7.326007326007326
05,009,2218,0,0.0
05,010,2258,27,11.95748449955713
05,011,1731,30,17.33102253032929
05,012,1979,30,15.159171298635675
05,013,1871,300,160.34206306787814
05,014,3351,7,2.0889286780065652
05,015,1590,9,5.660377358490566
05,016,1551,15,9.671179883945841
05,017,3580,58,16.201117318435752
05,018,1663,142,85.38785327720986
05,019,1909,21,11.000523834468307
05,020,2464,11,4.464285714285714
05,021,3057,1,0.32711808963035655
05,022,3295,0,0.0
05,023,1919,60,31.26628452318916
05,024,1892,8,4.2283298097251585
05,025,3366,20,5.941770647653001
05,026,1770,16,9.03954802259887
05,027,3640,20,5.4945054945054945
05,028,1968,29,14.735772357723578
05,029,1846,6,3.2502708559046587
05,030,1814,11,6.063947078280044
05,031,2602,14,5.380476556495004
05,032,2059,6,2.9140359397765905
05,033,1835,8,4.359673024523161
05,034,1724,4,2.320185614849188
05,035,1944,10,5.1440329218107
05,036,2025,248,122.46913580246914
05,037,3027,23,7.598282127518996
05,038,2358,6,2.544529262086514
06,001,1732,28,16.166281755196305
06,002,1972,13,6.592292089249493
06,003,2492,18,7.223113964686998
06,004,2330,8,3.4334763948497855
06,005,3267,2,0.6121824303642486
06,006,1959,7,3.5732516590096988
06,007,1505,14,9.30232558139535
06,008,1797,4,2.225932109070673
06,009,1676,30,17.899761336515514
06,010,1986,26,13.091641490433032
07,001,2881,7,2.4297119055883374
07,002,1955,0,0.0
07,003,1803,15,8.319467554076539
07,004,3665,14,3.819918144611187
07,005,1991,21,10.547463586137619
07,006,1878,15,7.987220447284345
07,007,1975,22,11.139240506329115
07,008,1825,3,1.643835616438356
07,009,1958,5,2.5536261491317673
07,010,1842,0,0.0
07,011,1714,21,12.252042007001167
07,012,1625,6,3.6923076923076925
07,013,2989,11,3.6801605888256943
07,014,1604,0,0.0
07,015,1524,146,95.8005249343832
07,016,1798,10,5.561735261401557
07,017,2982,21,7.042253521126761
07,018,3389,11,3.245795219828858
07,019,3870,252,65.11627906976744
07,020,3270,21,6.422018348623853
07,021,3353,28,8.350730688935283
07,022,1701,27,15.873015873015873
07,023,1721,4,2.324230098779779
07,024,1766,24,13.590033975084937
07,025,1546,18,11.64294954721863
07,026,1798,6,3.337041156840934
07,027,1687,24,14.226437462951985
07,028,1528,24,15.706806282722512
07,029,1780,5,2.808988764044944
07,030,1963,3,1.5282730514518594
07,031,1743,99,56.7986230636833
07,032,1782,11,6.172839506172839
07,033,1572,24,15.267175572519085
07,034,1602,28,17.478152309612984
07,035,1933,7,3.621314019658562
07,036,2504,20,7.987220447284345
07,037,1967,12,6.100660904931368
07,038,1713,4,2.335084646818447
07,039,1873,1,0.5339028296849974
07,040,1814,17,9.371554575523705
07,041,1841,14,7.604562737642586
07,042,3010,27,8.970099667774086
07,043,2396,22,9.181969949916528
07,044,1633,3,1.837109614206981
07,045,1508,16,10.610079575596817
07,046,1620,8,4.938271604938271
07,047,1797,133,74.01224262659989
07,048,1677,5,2.9815146094215863
07,049,1556,5,3.2133676092544987
07,050,3387,15,4.428697962798937
07,051,1882,8,4.2507970244420825
07,052,1789,25,13.97428731134712
07,053,1846,262,141.9284940411701
07,054,1982,139,70.13118062563068
07,055,3253,25,7.685213648939441
07,056,2926,14,4.784688995215311
07,057,2585,12,4.6421663442940035
07,058,2693,111,41.217972521351655
07,059,1564,142,90.79283887468031
07,060,1972,5,2.535496957403651
07,061,1544,23,14.896373056994818
07,062,3114,9,2.8901734104046244
07,063,1983,30,15.128593040847202
07,064,1936,10,5.1652892561983474
07,065,1930,25,12.953367875647668
07,066,1649,20,12.12856276531231
07,067,1572,20,12.72264631043257
07,068,1853,280,151.10631408526714
07,069,1823,23,12.616566099835437
07,070,2343,8,3.4144259496372174
07,071,2086,1,0.4793863854266539
07,072,2937,28,9.533537623425264
07,073,1900,29,15.263157894736842
07,074,1616,15,9.282178217821782
07,075,1610,29,18.012422360248447
07,076,1593,19,11.927181418706843
07,077,1508,161,106.76392572944297
07,078,1699,113,66.50971159505592
07,079,2299,24,10.439321444106133
07,080,2481,12,4.836759371221282
07,081,2175,285,131.0344827586207
07,082,1812,62,34.216335540838855
07,083,1674,67,40.02389486260454
07,084,1711,13,7.597895967270602
07,085,1765,26,14.73087818696884
07,086,1868,17,9.100642398286938
07,087,1849,8,4.3266630611141155
07,088,1718,9,5.238649592549476
07,089,1818,20,11.001100110011
07,090,1546,25,16.170763260025872
07,091,1611,3,1.86219739292365
07,092,1848,16,8.658008658008658
07,093,1976,3,1.5182186234817814
07,094,1782,9,5.05050505050505
07,096,1709,100,58.51375073142189
07,097,1959,0,0.0
07,098,1736,27,15.55299539170507
07,099,1630,13,7.975460122699387
07,100,1691,86,50.85748078060319
07,101,1820,109,59.89010989010989
07,102,3496,4,1.1441647597254005
07,103,2066,23,11.132623426911907
07,104,3981,25,6.279829188646069
07,105,3387,229,67.61145556539711
07,106,3731,30,8.04073974805682
07,107,1910,48,25.130890052356023
07,108,3641,9,2.4718483932985444
07,109,2650,271,102.26415094339623
07,110,2833,28,9.883515707730322
07,111,1886,21,11.134676564156946
07,112,1812,12,6.622516556291391
07,113,1724,15,8.700696055684455
07,114,1795,225,125.34818941504179
07,115,1787,226,126.46894236149971
07,116,2846,29,10.189739985945186
07,117,1890,16,8.465608465608465
07,118,1851,6,3.2414910858995136
07,119,2624,30,11.432926829268293
07,120,1884,0,0.0
07,121,1728,29,16.78240740740741
07,122,1772,5,2.8216704288939054
07,123,1806,17,9.413067552602437
07,124,1585,11,6.94006309148265
07,125,3039,7,2.303389272787101
08,001,1531,272,177.66165904637492
08,002,2899,29,10.003449465332874
08,003,1876,5,2.6652452025586353
08,004,1978,19,9.605662285136502
08,005,1612,27,16.74937965260546
08,006,2812,3,1.0668563300142246
08,007,1821,6,3.2948929159802307
08,008,1773,283,159.61646926113931
08,009,1991,178,89.40231039678554
08,010,1627,22,13.521819299323909
08,011,1603,24,14.971927635683095
08,012,3177,27,8.498583569405099
08,013,2779,21,7.5566750629722925
08,014,1995,22,11.027568922305765
08,015,1837,29,15.786608600979859
08,016,1990,25,12.56281407035176
08,017,1964,12,6.109979633401222
08,018,1748,25,14.302059496567505
08,019,1839,150,81.56606851549755
08,020,1896,66,34.81012658227848
08,021,1567,30,19.14486279514997
08,022,3619,5,1.3815971262779774
08,023,1662,25,15.042117930204572
08,024,1558,19,12.195121951219512
08,025,1871,12,6.413682522715126
08,026,1781,233,130.82537900056147
08,027,1992,30,15.060240963855422
08,028,2187,22,10.05944215820759
08,029,2000,5,2.5
08,030,2374,2,0.8424599831508003
08,031,1795,28,15.598885793871867
08,032,1584,14,8.83838383838384
08,033,1955,141,72.1227621483376
08,034,1789,23,12.856344326439352
08,035,3630,6,1.6528925619834711
08,036,1926,18,9.345794392523365
08,037,1848,26,14.069264069264069
08,038,1571,1,0.6365372374283895
08,039,1802,11,6.1043285238623755
08,040,2985,119,39.86599664991625
08,041,2610,11,4.21455938697318
08,042,1788,24,13.422818791946309
08,043,1873,12,6.406833956219968
08,044,1602,8,4.9937578027465666
08,045,1834,10,5.452562704471101
08,046,1929,17,8.812856402280975
08,047,1521,7,4.602235371466141
08,048,2879,28,9.725599166377215
08,049,1950,14,7.17948717948718
08,050,1548,19,12.27390180878553
08,051,1922,3,1.5608740894901145
08,052,1744,0,0.0
08,053,1668,29,17.38609112709832
08,054,1993,244,122.42849974912193
08,055,1568,14,8.928571428571429
08,056,1805,14,7.756232686980609
08,057,2874,27,9.394572025052192
08,058,1550,3,1.935483870967742
08,059,2924,7,2.3939808481532148
08,060,1561,3,1.9218449711723253
08,061,3561,2,0.5616399887672002
08,062,3879,70,18.045888115493685
08,063,2431,0,0.0
08,064,1713,14,8.172796263864566
08,065,1631,21,12.875536480686696
08,066,1799,30,16.675931072818234
08,067,1510,288,190.72847682119206
09,002,1833,178,97.10856519367158
09,003,1748,28,16.018306636155607
09,004,1848,29,15.692640692640692
09,005,1596,28,17.54385964912281
09,006,3599,20,5.5570991942206165
09,007,2612,10,3.8284839203675345
09,008,1597,12,7.514088916718848
09,009,3007,30,9.976720984369804
09,010,2217,9,4.059539918809202
09,011,2545,29,11.394891944990176
09,012,1886,279,147.932131495228
09,013,1519,18,11.84990125082291
09,014,1529,9,5.886200130804447
09,015,2534,1,0.39463299131807417
09,016,1642,6,3.6540803897685747
09,017,3622,5,1.3804527885146327
10,001,3610,16,4.43213296398892
10,002,1605,20,12.461059190031152
10,003,2741,158,57.64319591390004
10,004,1783,210,117.77902411665733
10,005,1822,8,4.390779363336993
10,006,1851,4,2.1609940572663424
10,007,1573,21,13.350286077558804
10,008,2459,0,0.0
10,009,2388,282,118.09045226130654
10,010,1978,97,49.03943377148635
10,011,1729,91,52.63157894736842
10,012,1805,14,7.756232686980609
10,013,1728,19,10.99537037037037
10,014,1797,256,142.45965498052308
10,015,2401,24,9.995835068721366
10,016,1919,28,14.590932777488275
10,017,1763,8,4.537719795802609
10,018,1602,3,1.8726591760299625
10,019,1958,73,37.2829417773238
10,020,3056,27,8.835078534031414
10,021,1849,28,15.143320713899405
10,022,1572,26,16.53944020356234
10,023,3241,287,88.55291576673866
10,024,1887,23,12.188659247482777
10,025,1819,143,78.61462341946124
10,026,1850,16,8.64864864864865
10,027,1830,218,119.1256830601093
10,028,1857,11,5.923532579429187
10,029,1994,5,2.507522567703109
10,030,2696,8,2.9673590504451037
10,031,2133,4,1.875293014533521
10,032,3075,24,7.804878048780488
10,033,2550,16,6.2745098039215685
10,034,3241,0,0.0
10,035,1744,7,4.013761467889908
10,036,1798,15,8.342602892102336
10,037,1763,1,0.5672149744753261
10,038,3449,5,1.4496955639315743
10,039,1742,27,15.499425947187142
11,001,2572,10,3.8880248833592534
11,002,3203,17,5.307524196066188
11,003,1709,297,173.785839672323
11,004,1693,17,10.041346721795628
11,005,1854,20,10.787486515641856
11,006,1597,175,109.58046336881652
11,007,1829,22,12.02843083652269
11,008,1944,19,9.77366255144033
11,009,1501,2,1.3324450366422385
11,010,3279,18,5.489478499542543
11,011,2209,17,7.695789950203712
11,012,1515,7,4.62046204620462
11,013,1682,18,10.70154577883472
11,014,1988,2,1.0060362173038229
11,015,1950,30,15.384615384615385
11,016,2531,279,110.23310944290795
11,017,1739,23,13.225991949396205
11,018,1925,210,109.0909090909091
11,019,1788,81,45.30201342281879
11,020,2802,3,1.0706638115631693
11,021,1883,5,2.655337227827934
11,022,2999,22,7.335778592864288
11,023,1783,12,6.730229949523276
11,024,1501,0,0.0
11,025,1953,9,4.608294930875576
11,026,3748,7,1.8676627534685166
11,027,2955,233,78.84940778341793
11,028,1560,9,5.769230769230769
11,029,1655,28,16.91842900302115
11,030,1598,16,10.012515644555695
11,031,1993,161,80.78273958855996
11,032,1716,21,12.237762237762238
11,033,1645,98,59.57446808510638
11,034,1778,269,151.2935883014623
11,035,1939,3,1.5471892728210417
11,036,1810,26,14.3646408839779
11,037,1978,19,9.605662285136502
11,038,2964,29,9.784075573549257
11,039,2718,207,76.15894039735099
11,040,2025,28,13.82716049382716
11,041,3911,23,5.880848887752493
11,042,3451,190,55.056505360764994
11,043,1573,5,3.178639542275906
11,044,1947,25,12.840267077555213
11,045,1570,271,172.61146496815286
11,046,1796,1,0.5567928730512249
12,001,3766,151,40.09559214020181
12,002,3512,27,7.687927107061504
12,003,1527,263,172.2331368696791
12,004,2738,8,2.9218407596785974
12,005,3000,16,5.333333333333333
12,006,1549,16,10.329244673983215
12,007,3141,243,77.36389684813754
12,008,3498,17,4.859919954259577
12,009,2875,161,56.0
12,010,1755,0,0.0
12,011,1605,29,18.068535825545172
12,012,1538,6,3.9011703511053315
12,013,2767,28,10.119262739428985
12,014,1531,5,3.2658393207054215
12,015,3610,21,5.8171745152354575
12,016,1530,20,13.071895424836601
12,017,1877,7,3.7293553542887588
12,018,2395,21,8.768267223382045
12,019,3255,15,4.608294930875576
12,020,2100,4,1.9047619047619047
12,021,2270,28,12.334801762114537
12,022,1539,3,1.949317738791423
12,023,2642,19,7.191521574564724
12,024,1993,10,5.017561465127947
12,025,1859,14,7.530930607853684
12,026,2753,0,0.0
12,027,1535,17,11.074918566775244
12,028,3047,8,2.6255333114538892
12,029,1995,18,9.022556390977444
12,030,2733,64,23.417489937797292
12,031,1717,14,8.1537565521258
12,032,2383,35,14.68736886277801
12,033,2395,8,3.3402922755741127
12,034,1713,26,15.178050204319907
12,035,1578,8,5.069708491761724
12,036,1759,3,1.7055144968732234
12,037,2111,21,9.94789199431549
12,038,1595,94,58.93416927899686
12,039,1758,13,7.39476678043231
12,040,2381,18,7.5598488030239395
12,041,1906,17,8.919202518363065
12,042,1618,6,3.708281829419036
12,043,1837,10,5.443658138268916
12,044,1882,16,8.501594048884165
12,045,1898,15,7.903055848261328
12,046,2777,0,0.0
12,047,1522,16,10.512483574244415
12,048,3152,20,6.345177664974619
12,049,1828,269,147.15536105032822
12,050,1516,229,151.05540897097626
12,051,1803,4,2.218524681087077
12,052,2555,10,3.9138943248532287
12,053,1931,12,6.214396685655101
12,054,1505,140,93.02325581395348
12,055,2660,17,6.390977443609023
12,056,1998,27,13.513513513513514
12,057,1783,9,5.047672462142456
12,058,1918,70,36.496350364963504
12,059,1951,136,69.70784213223988
12,060,1804,22,12.195121951219512
12,061,1953,0,0.0
12,062,1985,11,5.541561712846348
12,063,1501,76,50.63291139240506
12,064,1573,4,2.542911633820725
12,065,1665,38,22.822822822822822
12,066,2513,3,1.193792280143255
12,067,1940,112,57.7319587628866
12,068,1916,13,6.784968684759916
12,069,1689,8,4.736530491415039
12,070,1612,26,16.129032258064516
12,071,1730,30,17.341040462427745
12,072,1529,19,12.426422498364945
12,073,1603,13,8.10979413599501
12,074,1527,263,172.2331368696791
12,075,1886,29,15.37645811240721
12,076,1994,13,6.519558676028084
12,077,2000,18,9.0
12,078,1987,2,1.0065425264217414
12,079,1898,191,100.6322444678609
12,080,3516,5,1.422070534698521
12,081,1545,3,1.941747572815534
13,001,2572,28,10.88646967340591
13,002,1575,26,16.50793650793651
13,003,1809,1,0.552791597567717
13,004,1698,226,133.0977620730271
13,005,1675,29,17.313432835820894
13,006,1545,5,3.236245954692557
13,007,1965,1,0.5089058524173028
13,008,2458,4,1.627339300244101
13,009,2911,29,9.96221229817932
13,010,1809,8,4.422332780541736
13,011,1965,12,6.106870229007634
13,012,3951,11,2.7841052898000505
13,013,2826,25,8.846426043878273
13,014,1887,7,3.7095919448860624
13,015,1869,72,38.523274478330656
13,016,2826,25,8.846426043878273
13,017,1811,23,12.700165654334622
13,018,2013,7,3.4773969200198707
13,019,1593,30,18.832391713747647
13,020,3960,1,0.25252525252525254
13,021,1645,4,2.43161094224924
13,022,2135,3,1.405152224824356
13,023,1809,294,162.5207296849088
13,024,1838,13,7.072905331882481
13,025,1665,16,9.60960960960961
13,026,1694,48,28.33530106257379
13,027,1584,16,10.1010101010101
13,028,3152,6,1.9035532994923858
13,029,1652,30,18.159806295399516
13,030,3443,19,5.518443218123729
13,031,3235,163,50.38639876352396
13,032,1524,110,72.17847769028872
13,033,1624,26,16.00985221674877
13,034,1779,25,14.05283867341203
13,035,1900,26,13.68421052631579
13,036,1565,8,5.111821086261981
13,037,1981,10,5.047955577990914
13,038,1937,26,13.422818791946309
13,039,1899,21,11.058451816745656
13,040,1651,20,12.113870381586917
13,041,1772,11,6.207674943566591
13,042,1965,3,1.5267175572519085
13,043,1955,11,5.626598465473146
13,044,3950,26,6.582278481012659
13,045,2711,72,26.558465510881593
13,046,2811,4,1.422981145499822
13,047,1691,14,8.27912477823773
13,048,1986,7,3.524672708962739
13,049,1679,287,170.935080405003
13,050,2276,1,0.43936731107205623
13,051,2631,180,68.41505131128848
13,052,1503,17,11.310711909514305
13,053,3282,21,6.39853747714808
13,054,3925,16,4.076433121019108
13,055,1506,11,7.304116865869854
13,056,1921,17,8.849557522123893
13,057,3284,27,8.221680876979294
13,058,2275,7,3.076923076923077
13,059,1979,26,13.137948458817585
13,060,1672,0,0.0
13,061,1825,162,88.76712328767124
13,062,3122,256,81.99871877001922
13,063,2418,7,2.8949545078577335
13,064,3531,15,4.248088360237893
13,065,1551,74,47.711154094132816
13,066,1978,185,93.5288169868554
13,067,3237,8,2.4714241581711462
13,068,1960,15,7.653061224489796
13,069,1546,2,1.2936610608020698
13,070,1566,23,14.687100893997446
13,071,2255,20,8.869179600886918
13,072,1737,22,12.665515256188831
13,073,1732,124,71.59353348729792
13,074,2725,69,25.321100917431192
13,075,2067,1,0.4837929366231253
13,076,1875,295,157.33333333333334
13,077,1515,6,3.9603960396039604
13,078,3983,2,0.5021340697966357
13,079,3770,10,2.6525198938992043
13,080,3575,19,5.314685314685315
13,081,1690,15,8.875739644970414
13,082,3500,157,44.857142857142854
13,083,1521,20,13.149243918474689
13,084,1722,11,6.3879210220673635
14,001,1859,237,127.48789671866595
14,002,1759,29,16.48664013644116
14,003,1569,8,5.098789037603569
14,004,3309,0,0.0
14,005,3920,7,1.7857142857142858
14,006,1973,28,14.19158641662443
14,007,1780,25,14.044943820224718
14,008,1507,41,27.2063702720637
14,009,3910,23,5.882352941176471
14,010,1863,19,10.198604401502953
14,011,1699,1,0.5885815185403178
14,012,1558,23,14.762516046213094
14,013,1570,30,19.10828025477707
14,014,1658,18,10.856453558504223
14,015,2195,1,0.45558086560364464
14,016,1793,62,34.578918014500836
14,017,2035,7,3.43980343980344
14,018,1790,18,10.05586592178771
14,019,1892,17,8.985200845665961
14,020,1541,223,144.7112264763141
14,021,1626,295,181.4268142681427
14,022,1669,8,4.793289394847214
14,023,2369,0,0.0
14,024,2239,275,122.82268870031264
14,025,1900,3,1.5789473684210527
14,026,3561,6,1.6849199663016006
14,027,1689,12,7.104795737122558
14,028,1555,269,172.99035369774919
14,029,1759,9,5.11654349061967
14,030,3150,18,5.714285714285714
14,031,3510,15,4.273504273504273
14,032,1560,0,0.0
14,033,1675,10,5.970149253731344
14,034,3796,19,5.005268703898841
14,035,3997,3,0.7505629221916438
14,036,1542,21,13.618677042801556
14,037,3468,2,0.5767012687427913
14,038,1582,25,15.802781289506953
14,039,1859,28,15.061861215707369
14,040,1800,8,4.444444444444445
14,041,3601,28,7.775617883921133
14,042,1560,255,163.46153846153845
14,043,1875,13,6.933333333333334
14,044,1771,252,142.29249011857706
14,045,1955,9,4.603580562659847
14,046,1526,31,20.314547837483616
14,047,1969,20,10.15744032503809
14,048,1724,274,158.93271461716938
14,049,2836,23,8.110014104372356
14,050,2005,14,6.982543640897756
14,051,1542,18,11.673151750972762
14,052,1956,20,10.224948875255624
14,053,1656,57,34.42028985507246
14,054,1825,11,6.027397260273973
14,055,1977,21,10.622154779969652
14,056,1957,27,13.796627491057741
14,057,1844,29,15.726681127982646
14,058,2114,0,0.0
14,059,1693,1,0.5906674542232723
14,060,1595,26,16.300940438871475
14,061,1626,5,3.075030750307503
14,062,1912,8,4.184100418410042
14,063,1593,6,3.766478342749529
14,064,3536,6,1.6968325791855203
14,065,3296,147,44.599514563106794
14,066,2786,12,4.3072505384063176
14,067,3159,6,1.899335232668566
14,068,1730,30,17.341040462427745
14,069,1691,0,0.0
14,070,2372,133,56.07082630691399
14,071,1710,278,162.57309941520467
14,072,1770,14,7.909604519774011
14,073,1978,29,14.661274014155714
14,074,1911,233,121.92569335426478
14,075,1655,12,7.2507552870090635
14,076,3160,21,6.6455696202531644
14,077,1875,1,0.5333333333333333
14,078,1826,122,66.81270536692223
14,079,1548,15,9.689922480620154
14,080,2638,30,11.372251705837757
14,081,1819,4,2.1990104452996153
14,082,1844,24,13.015184381778742
14,083,1666,22,13.205282112845138
14,084,1969,29,14.72828847130523
14,085,3325,77,23.157894736842106
14,086,1984,293,147.68145161290323
14,087,2550,11,4.313725490196078
14,088,1579,3,1.8999366687777075
14,089,1970,157,79.69543147208122
14,090,1652,25,15.13317191283293
14,091,1794,5,2.787068004459309
14,092,1662,25,15.042117930204572
14,093,1567,9,5.74345883854499
14,094,1797,13,7.234279354479688
14,095,2088,9,4.310344827586207
14,096,1544,184,119.17098445595855
14,097,1924,22,11.434511434511435
14,098,1917,29,15.127803860198226
14,099,1976,140,70.8502024291498
14,100,1773,19,10.716300056401579
14,101,1842,15,8.143322475570033
14,102,1879,16,8.51516764236296
14,103,1876,19,10.127931769722814
14,104,1630,5,3.067484662576687
14,105,2446,31,12.67375306623058
14,106,1795,6,3.3426183844011144
14,107,1503,24,15.968063872255488
14,108,1948,5,2.566735112936345
14,109,1942,10,5.1493305870236865
14,110,1799,27,15.008337965536409
14,111,1951,133,68.1701691440287
14,112,1944,179,92.07818930041152
14,113,1603,8,4.990642545227698
14,114,2650,7,2.641509433962264
14,115,3552,8,2.2522522522522523
14,116,1617,29,17.934446505875076
14,117,1672,3,1.7942583732057416
14,118,1806,26,14.396456256921374
14,119,2146,9,4.193849021435228
14,120,1630,20,12.269938650306749
14,121,1822,135,74.09440175631174
14,122,2890,23,7.958477508650519
14,123,1860,13,6.989247311827957
14,124,3652,12,3.285870755750274
14,125,1862,148,79.484425349087
15,001,3547,9,2.5373555117000284
15,002,1985,16,8.060453400503778
15,003,3258,22,6.752608962553714
15,004,1901,6,3.156233561283535
15,005,1544,22,14.248704663212436
15,006,3580,9,2.5139664804469275
15,007,3901,26,6.664957703153037
15,008,1855,12,6.46900269541779
15,009,2043,6,2.9368575624082234
15,010,1863,8,4.294149221685454
15,011,2811,10,3.5574528637495555
15,012,1984,17,8.568548387096774
15,013,1632,11,6.740196078431373
15,014,1602,21,13.108614232209737
15,015,3775,16,4.23841059602649
15,016,1709,239,139.8478642480983
15,017,3123,16,5.123278898495037
15,018,1900,204,107.36842105263158
15,019,1791,267,149.0787269681742
15,020,1835,19,10.354223433242506
15,021,1599,15,9.380863039399625
15,022,3002,151,50.2998001332445
15,023,1523,7,4.596191726854892
15,024,1530,5,3.2679738562091503
15,025,1977,22,11.12797167425392
15,026,1766,22,12.45753114382786
15,027,3504,2,0.5707762557077626
15,028,2632,15,5.699088145896656
15,029,1535,59,38.43648208469055
15,030,1835,20,10.899182561307901
15,031,1961,30,15.298317185109639
15,032,2820,13,4.609929078014185
15,033,1787,232,129.8265249020705
15,034,2895,153,52.84974093264249
15,035,1631,296,181.48375229920293
15,036,3390,25,7.374631268436578
15,037,1849,27,14.60248783126014
15,038,1963,7,3.565970453387672
15,039,1665,7,4.2042042042042045
15,040,1882,26,13.815090329436769
15,041,1955,1,0.5115089514066496
15,042,1948,232,119.0965092402464
15,043,1646,190,115.43134872417983
15,044,3511,25,7.120478496154941
15,045,2935,9,3.0664395229982966
15,046,1610,19,11.801242236024844
15,047,1807,9,4.980630879911455
15,048,1691,25,14.78415138971023
15,049,3543,12,3.3869602032176123
15,050,2973,24,8.072653884964682
15,051,1575,25,15.873015873015873
15,052,1534,27,17.601043024771837
15,053,1679,6,3.57355568790947
15,054,3729,7,1.877178868329311
15,055,3576,3,0.8389261744966443
15,056,1777,29,16.319639842431062
15,057,1990,22,11.055276381909549
15,058,1558,15,9.627727856225931
15,059,1617,28,17.316017316017316
15,060,1787,30,16.787912702853944
15,061,1889,19,10.058231868713605
15,062,1935,8,4.134366925064599
15,063,1790,1,0.5586592178770949
15,064,1696,21,12.382075471698114
15,065,1810,4,2.2099447513812156
15,066,1874,22,11.739594450373533
15,067,1509,1,0.6626905235255136
15,068,1682,26,15.457788347205707
15,069,1648,29,17.597087378640776
15,070,3262,56,17.167381974248926
15,071,1544,282,182.6424870466321
15,072,1564,4,2.557544757033248
15,073,2770,9,3.2490974729241877
15,074,1558,30,19.255455712451862
15,075,1773,4,2.2560631697687534
15,076,1872,4,2.1367521367521367
15,077,3012,12,3.9840637450199203
15,078,1830,16,8.743169398907105
15,079,1522,23,15.111695137976348
15,080,3188,17,5.3324968632371395
15,081,2315,8,3.4557235421166306
15,082,1528,206,134.81675392670158
15,083,3099,25,8.067118425298483
15,084,1649,30,18.192844147968465
15,085,1674,15,8.960573476702509
15,086,3432,290,84.4988344988345
15,087,1915,3,1.566579634464752
15,088,1972,5,2.535496957403651
15,089,1575,24,15.238095238095237
15,090,3858,2,0.5184033177812338
15,091,1633,15,9.185548071034905
15,092,1518,27,17.786561264822133
15,093,1509,21,13.916500994035784
15,094,1664,5,3.0048076923076925
15,095,1675,10,5.970149253731344
15,096,1501,13,8.66089273817455
15,097,1737,20,11.514104778353483
15,098,2518,6,2.3828435266084194
15,099,1977,28,14.162873039959536
15,100,1764,18,10.204081632653061
15,101,1604,298,185.785536159601
15,102,2059,11,5.342399222923749
15,103,1783,122,68.42400448681997
15,104,1711,9,5.260081823495032
15,105,3149,23,7.303906001905367
15,106,3978,118,29.663147310206135
15,107,1718,26,15.133876600698487
15,108,1816,128,70.48458149779735
15,109,3851,273,70.89067774603998
15,110,1850,8,4.324324324324325
15,111,1839,17,9.244154431756389
15,112,1867,15,8.034279592929835
15,113,1521,17,11.176857330703484
15,114,1718,17,9.89522700814901
15,115,1777,24,13.505908835115363
15,116,2513,29,11.5399920413848
15,117,1780,3,1.6853932584269662
15,118,1765,0,0.0
15,119,1566,9,5.747126436781609
15,120,3639,11,3.022808463863699
15,121,2525,6,2.376237623762376
15,122,2887,1,0.3463803255975061
15,123,1599,4,2.5015634771732334
15,124,1703,13,7.633587786259542
15,125,2642,30,11.355034065102195
16,001,1570,7,4.45859872611465
16,002,1815,268,147.65840220385675
16,003,1596,17,10.651629072681704
16,004,3859,22,5.700958797615963
16,005,1683,200,118.83541295306001
16,006,1726,25,14.484356894553882
16,007,1699,5,2.942907592701589
16,008,3562,3,0.8422234699606962
16,009,1625,2,1.2307692307692308
16,010,1736,25,14.400921658986174
16,011,1792,265,147.87946428571428
16,012,1617,129,79.77736549165121
16,013,1580,15,9.49367088607595
16,014,1726,29,16.801853997682503
16,015,1687,27,16.004742145820984
16,016,1718,8,4.656577415599535
16,017,1827,28,15.32567049808429
16,018,1955,1,0.5115089514066496
16,019,1709,26,15.21357519016969
16,020,1711,23,13.442431326709526
16,021,1661,7,4.214328717639976
16,022,2788,15,5.380200860832137
16,023,1782,288,161.6161616161616
16,024,1913,20,10.454783063251437
16,025,2377,14,5.889777029869584
16,026,1971,21,10.654490106544902
16,027,1532,27,17.62402088772846
16,028,3109,3,0.9649404953361209
16,029,3126,6,1.9193857965451055
16,030,2911,4,1.3740982480247337
16,031,1560,24,15.384615384615385
16,032,1580,14,8.860759493670885
16,033,1865,212,113.67292225201072
16,034,3352,13,3.8782816229116945
16,035,3960,30,7.575757575757576
16,036,3297,22,6.672732787382469
16,037,3290,20,6.079027355623101
16,038,1544,14,9.067357512953368
16,039,1817,27,14.859658778205834
16,040,1882,28,14.87778958554729
16,041,1603,2,1.2476606363069245
16,042,1715,8,4.664723032069971
16,043,1523,26,17.071569271175314
16,044,1614,20,12.391573729863692
16,045,2804,12,4.279600570613409
16,046,3244,2,0.6165228113440198
16,047,3710,28,7.547169811320755
16,048,2421,18,7.434944237918216
16,049,1849,24,12.979989183342347
16,050,2521,29,11.503371677905593
16,051,1695,7,4.129793510324483
16,052,1521,10,6.574621959237344
16,053,1529,5,3.2701111837802483
16,054,1654,9,5.4413542926239415
16,055,3880,4,1.0309278350515463
16,056,1665,4,2.4024024024024024
16,057,1605,15,9.345794392523365
16,058,1691,12,7.09639266706091
16,059,1668,292,175.05995203836932
16,060,1757,241,137.16562322140012
16,061,1957,23,11.752682677567705
16,062,1880,29,15.425531914893616
16,063,1787,25,13.989927252378287
16,064,1522,21,13.797634691195794
16,065,1552,19,12.242268041237113
16,066,1810,172,95.02762430939227
16,067,3358,7,2.084574151280524
16,068,1979,274,138.45376452753916
16,069,1753,23,13.120365088419852
16,070,1517,22,14.502307185234015
16,071,1975,1,0.5063291139240507
16,072,1730,6,3.468208092485549
16,073,3845,230,59.81794538361508
16,074,1765,11,6.232294617563739
16,075,1738,28,16.110471806674337
16,076,2760,23,8.333333333333334
16,077,1996,23,11.52304609218437
16,078,1798,6,3.337041156840934
16,079,3911,13,3.3239580669905395
16,080,1793,5,2.788622420524261
16,081,2632,11,4.179331306990881
16,082,1587,7,4.410838059231254
16,083,3732,6,1.607717041800643
16,084,1741,6,3.4462952326249283
16,085,2354,6,2.548853016142736
16,086,3188,14,4.391468005018821
16,087,1985,26,13.09823677581864
16,088,1766,95,53.793884484711214
16,089,2017,16,7.932573128408528
16,090,2793,8,2.8643036161833155
16,091,1673,17,10.161386730424388
16,092,1891,14,7.4034902168164995
16,093,1682,172,102.25921521997621
16,094,1520,104,68.42105263157895
16,095,1838,27,14.689880304678999
16,096,3563,22,6.174571989896155
16,097,1550,24,15.483870967741936
16,098,1697,11,6.482027106658809
16,099,1697,7,4.124926340601061
16,100,1968,4,2.032520325203252
16,101,1708,6,3.51288056206089
16,102,1565,26,16.61341853035144
16,103,1734,22,12.687427912341407
16,104,1948,2,1.0266940451745379
16,105,2578,7,2.7152831652443754
16,106,1690,29,17.159763313609467
16,107,1668,2,1.1990407673860912
16,108,2558,4,1.563721657544957
16,109,1867,272,145.68826995179433
16,110,1765,16,9.06515580736544
16,111,1693,18,10.6320141760189
16,112,1815,18,9.917355371900827
16,113,1642,22,13.398294762484774
17,001,2206,20,9.066183136899365
17,002,1972,19,9.634888438133874
17,003,1787,24,13.430330162283155
17,004,1534,8,5.215123859191656
17,005,1977,19,9.610520991401113
17,006,1971,113,57.331303906646376
17,007,1792,12,6.696428571428571
17,008,3683,12,3.25821341297855
17,009,3205,8,2.49609984399376
17,010,1913,12,6.2728698379508625
17,011,1980,7,3.5353535353535355
17,012,1931,30,15.535991714137753
17,013,2570,21,8.171206225680933
17,014,1691,20,11.827321111768185
17,015,2532,13,5.134281200631912
17,016,1745,2,1.146131805157593
17,017,2483,227,91.4216673378977
17,018,1921,6,3.123373243102551
17,019,2679,27,10.078387458006718
17,020,1787,25,13.989927252378287
17,021,3059,8,2.615233736515201
17,022,2081,14,6.727534839019702
17,023,3335,24,7.19640179910045
17,024,1748,12,6.864988558352403
17,025,2184,14,6.410256410256411
17,026,2576,86,33.38509316770186
17,027,1590,12,7.547169811320755
17,028,1576,85,53.934010152284266
17,029,1620,11,6.790123456790123
17,030,1995,17,8.521303258145364
17,031,1554,18,11.583011583011583
17,032,1686,18,10.676156583629894
17,033,1901,6,3.156233561283535
17,034,1847,15,8.121277747698972
17,035,1984,20,10.080645161290322
17,036,1869,12,6.420545746388443
18,001,1584,29,18.30808080808081
18,002,3486,33,9.46643717728055
18,003,1644,7,4.257907542579075
18,004,1579,25,15.832805573147562
18,005,1744,9,5.160550458715596
18,006,1966,27,13.733468972533062
18,007,3936,8,2.032520325203252
18,008,2110,6,2.843601895734597
18,009,1654,6,3.6275695284159615
18,010,2787,17,6.099748833871547
18,011,1962,4,2.038735983690112
18,012,3443,75,21.783328492593668
18,013,1722,26,15.098722415795587
18,014,1561,279,178.73158231902627
18,015,2351,23,9.783071033602722
18,016,1978,28,14.155712841253791
18,017,1857,2,1.0770059235325795
18,018,1967,12,6.100660904931368
18,019,1831,0,0.0
18,020,1637,29,17.7153329260843
19,001,1837,3,1.633097441480675
19,002,3324,165,49.63898916967509
19,003,1611,11,6.828057107386717
19,004,1867,53,28.387787895018747
19,005,1802,24,13.318534961154272
19,006,3648,25,6.853070175438597
19,007,1952,17,8.709016393442623
19,008,2065,14,6.779661016949152
19,009,1899,26,13.691416535018432
19,010,1643,22,13.390139987827146
19,011,1855,212,114.28571428571429
19,012,1862,4,2.1482277121374866
19,013,1867,29,15.532940546331012
19,014,2411,7,2.903359601824969
19,015,3982,11,2.7624309392265194
19,016,1704,6,3.5211267605633805
19,017,1893,26,13.734812466983623
19,018,1976,172,87.04453441295547
19,019,1559,18,11.545862732520847
19,020,1523,156,102.42941562705187
19,021,2436,11,4.51559934318555
19,022,1574,9,5.717916137229987
19,023,1771,1,0.564652738565782
19,024,3357,18,5.361930294906166
19,025,3658,30,8.201202843083653
19,026,1979,0,0.0
19,027,1744,25,14.3348623853211
19,028,1813,29,15.995587424158852
19,029,3167,168,53.047047679191664
19,030,1751,9,5.139920045688179
19,031,1722,201,116.72473867595819
19,032,1884,30,15.92356687898089
19,033,1625,15,9.23076923076923
19,034,2858,132,46.186144156752974
19,035,1500,20,13.333333333333334
19,036,1989,21,10.558069381598793
19,037,3519,12,3.4100596760443307
19,038,1877,9,4.794885455514119
19,039,1767,10,5.659309564233164
19,040,1589,8,5.0346129641283826
19,041,1679,27,16.081000595592613
19,042,1510,29,19.205298013245034
19,043,1943,11,5.661348430262481
19,044,1589,92,57.8980490874764
19,045,1946,231,118.70503597122303
19,046,1855,6,3.234501347708895
19,047,3080,24,7.792207792207792
19,048,1694,0,0.0
19,049,1675,24,14.328358208955224
19,050,2365,19,8.033826638477802
19,051,3536,30,8.484162895927602
20,001,1851,85,45.921123716909776
20,002,1604,171,106.60847880299252
20,003,1653,69,41.74228675136116
20,004,1751,5,2.8555111364934325
20,005,1578,9,5.7034220532319395
20,006,1793,25,13.943112102621305
20,007,1897,253,133.36847654190828
20,008,1511,6,3.970880211780278
20,009,2055,20,9.732360097323602
20,010,1767,30,16.97792869269949
20,011,1878,56,29.81895633652822
20,012,1855,3,1.6172506738544474
20,013,3829,9,2.3504831548707235
20,014,1522,5,3.2851511169513796
20,015,1905,13,6.824146981627297
20,016,1707,18,10.54481546572935
20,017,1931,26,13.464526152252718
20,018,2463,24,9.7442143727162
20,019,1879,0,0.0
20,020,1894,19,10.03167898627244
20,021,1679,11,6.551518761167362
20,022,1800,23,12.777777777777779
20,023,1647,4,2.428658166363084
20,024,3093,17,5.496281926931782
20,025,3005,207,68.88519134775375
20,026,3687,9,2.441008950366151
20,027,2931,26,8.870692596383487
20,028,1539,2,1.299545159194282
20,029,1629,74,45.42664211172499
20,030,1936,25,12.913223140495868
20,031,1672,134,80.14354066985646
20,032,1538,25,16.25487646293888
20,033,1886,0,0.0
20,034,1655,36,21.75226586102719
20,035,3148,15,4.7649301143583225
20,036,2990,21,7.023411371237458
20,037,1694,5,2.9515938606847696
20,038,2796,20,7.15307582260372
20,039,3101,0,0.0
20,040,1818,23,12.651265126512651
20,041,3728,25,6.706008583690987
20,042,1661,3,1.8061408789885611
20,043,1659,14,8.438818565400844
20,044,1747,13,7.441327990841442
20,045,1871,197,105.29128808123998
20,046,1888,3,1.5889830508474576
20,047,2764,10,3.61794500723589
20,048,2160,6,2.7777777777777777
20,049,1663,24,14.431749849669272
20,050,1508,24,15.915119363395226
20,051,1909,16,8.381351492928236
20,052,1995,15,7.518796992481203
20,053,1622,15,9.247842170160295
20,054,2036,156,76.62082514734774
20,055,1668,77,46.16306954436451
20,056,3433,181,52.72356539469851
20,057,1815,9,4.958677685950414
20,058,1843,24,13.022246337493218
20,059,1694,30,17.70956316410862
20,060,3077,30,9.749756256093598
20,061,1887,2,1.0598834128245893
20,062,1708,15,8.782201405152225
20,063,3164,13,4.108723135271807
20,064,1753,15,8.556759840273816
20,065,1565,16,10.223642172523961
20,066,1513,9,5.948446794448117
20,067,1717,8,4.6592894583576
20,068,3088,29,9.39119170984456
20,069,1831,10,5.461496450027307
20,070,2696,28,10.385756676557863
20,071,1505,38,25.249169435215947
20,072,1762,7,3.9727582292849033
20,073,1819,19,10.445299615173171
20,074,1576,18,11.421319796954315
20,075,2554,296,115.89663273296789
20,076,1735,242,139.4812680115274
20,077,1818,0,0.0
20,078,1987,18,9.058882737795672
20,079,3639,0,0.0
20,080,1539,29,18.84340480831709
20,081,1529,203,132.7665140614781
20,082,1676,18,10.739856801909308
20,083,1810,29,16.022099447513813
20,084,1790,167,93.29608938547486
20,085,1631,17,10.423053341508277
20,086,1868,5,2.6766595289079227
20,087,3552,208,58.55855855855856
20,088,3274,24,7.330482590103848
20,089,2066,1,0.484027105517909
20,090,3812,18,4.72193074501574
20,091,1699,18,10.59446733372572
20,092,1749,2,1.1435105774728416
20,093,1986,6,3.0211480362537766
20,094,1619,6,3.7059913526868438
20,095,1987,7,3.5228988424760947
20,096,2973,0,0.0
20,097,1653,21,12.704174228675136
20,098,1979,4,2.02122283981809
20,099,1978,264,133.46814964610718
20,100,1507,27,17.9163901791639
20,101,1701,1,0.5878894767783657
20,102,2468,17,6.888168557536467
20,103,1914,6,3.134796238244514
20,104,3493,47,13.455482393358144
20,105,1973,176,89.20425747592499
20,106,1931,14,7.250129466597618
20,107,3042,27,8.875739644970414
20,108,1903,16,8.407777193904362
20,109,1612,100,62.03473945409429
20,110,2637,16,6.067500948047023
20,111,1713,23,13.42673671920607
20,112,1839,0,0.0
20,113,1908,12,6.289308176100629
20,114,1957,254,129.79049565661728
20,115,1500,250,166.66666666666666
20,116,1728,22,12.731481481481481
20,117,2948,18,6.1058344640434195
20,118,1618,27,16.687268232385662
20,119,1922,21,10.926118626430801
20,120,1535,11,7.166123778501628
20,121,1839,8,4.3501903208265364
20,122,2104,45,21.38783269961977
20,123,1660,22,13.25301204819277
20,124,1651,28,16.959418534221683
20,125,1617,19,11.750154607297464
20,126,1582,16,10.11378002528445
20,127,1962,25,12.7420998980632
20,128,1887,3,1.589825119236884
20,129,3769,20,5.3064473335102145
20,130,1567,1,0.6381620931716656
20,131,1714,25,14.585764294049008
20,132,1674,12,7.168458781362007
20,133,3903,3,0.7686395080707148
20,134,2770,5,1.8050541516245486
20,135,1642,18,10.962241169305726
20,136,1813,23,12.686155543298401
20,137,1692,12,7.092198581560283
20,138,1752,11,6.2785388127853885
20,139,1722,4,2.3228803716608595
20,140,3229,15,4.645401052957572
20,141,3058,1,0.3270111183780249
20,142,1502,17,11.318242343541945
20,143,3402,27,7.936507936507937
20,144,3801,5,1.3154433043935807
20,145,1761,18,10.221465076660989
20,146,3104,5,1.6108247422680413
20,147,1843,263,142.70211611502984
20,148,1788,0,0.0
20,149,1651,17,10.29678982434888
20,150,1644,24,14.598540145985401
20,151,2339,28,11.970927746900385
20,152,3486,12,3.442340791738382
20,153,1848,4,2.1645021645021645
20,154,1844,24,13.015184381778742
20,155,1530,235,153.59477124183007
20,156,1579,30,18.999366687777073
20,157,2657,135,50.80918328942416
20,158,1559,16,10.262989095574087
20,159,1596,17,10.651629072681704
20,160,3527,28,7.938758151403459
20,161,3717,0,0.0
20,162,1861,24,12.896292315959162
20,163,1934,208,107.54912099276112
20,164,3926,42,10.697911360163015
20,165,1864,26,13.948497854077253
20,166,1922,25,13.007284079084288
20,167,1814,1,0.5512679162072768
20,168,1941,171,88.09891808346214
20,169,1612,28,17.3697270471464
20,170,1670,8,4.790419161676646
20,171,2916,10,3.429355281207133
20,172,1908,8,4.1928721174004195
20,173,1914,20,10.449320794148381
20,174,1663,8,4.810583283223091
20,175,1507,17,11.280690112806901
20,176,1731,17,9.820912767186597
20,177,1899,11,5.792522380200105
20,178,2000,14,7.0
20,179,1577,0,0.0
20,180,1969,195,99.03504316912138
20,181,1754,1,0.5701254275940707
20,182,2686,6,2.2338049143708116
20,183,3298,4,1.212856276531231
20,184,2700,19,7.037037037037037
20,185,1867,18,9.6411355115158
20,186,1733,11,6.3473744950952105
20,187,1839,23,12.506797172376292
20,188,1714,2,1.1668611435239207
20,189,1750,6,3.4285714285714284
20,190,1660,30,18.072289156626507
20,191,3671,19,5.175701443748298
20,192,1614,289,179.05824039653035
20,193,1721,70,40.67402672864613
20,194,1741,11,6.318207926479035
20,195,1913,0,0.0
20,196,1536,12,7.8125
20,197,1818,10,5.5005500550055
20,198,2849,15,5.265005265005265
20,199,1710,8,4.678362573099415
20,200,1612,4,2.4813895781637716
20,201,1732,23,13.27944572748268
20,202,1515,4,2.6402640264026402
20,203,2442,74,30.303030303030305
20,204,1587,3,1.890359168241966
20,205,1912,149,77.92887029288703
20,206,1542,11,7.133592736705578
20,207,1549,44,28.405422853453842
20,208,1653,16,9.679370840895341
20,209,1648,18,10.922330097087379
20,210,1503,2,1.3306719893546242
20,211,2353,16,6.799830004249894
20,212,1614,48,29.739776951672862
20,213,1875,12,6.4
20,214,1970,8,4.060913705583756
20,215,1897,5,2.635740643120717
20,216,3374,181,53.64552459988145
20,217,1681,19,11.302795954788817
20,218,1668,54,32.37410071942446
20,219,1860,4,2.150537634408602
20,220,1511,4,2.6472534745201854
20,221,1653,6,3.629764065335753
20,222,3669,1,0.2725538293813028
20,223,3195,217,67.91862284820031
20,224,3867,15,3.878975950349108
20,225,1548,15,9.689922480620154
20,226,1554,15,9.652509652509652
20,227,1570,20,12.738853503184714
20,228,1559,1,0.6414368184733804
20,229,1994,124,62.18655967903711
20,230,1568,1,0.6377551020408163
20,231,1693,19,11.222681630242173
20,232,2944,15,5.095108695652174
20,233,1608,146,90.79601990049751
20,234,1846,17,9.209100758396533
20,235,1703,3,1.7615971814445097
20,236,1780,245,137.64044943820224
20,237,1585,29,18.29652996845426
20,238,3634,2,0.550357732526142
20,239,3724,29,7.7873254564983885
20,240,1609,18,11.187072715972654
20,241,1898,257,135.40569020021076
20,242,2577,23,8.925106713232442
20,243,1679,2,1.1911852293031566
20,244,3447,22,6.382361473745286
20,245,1599,0,0.0
20,246,1921,20,10.41124414367517
20,247,1760,257,146.02272727272728
20,248,1603,9,5.6144728633811605
20,249,2611,27,10.340865568747606
20,250,2623,29,11.05604269919939
20,251,3377,131,38.7918270654427
20,252,1550,10,6.451612903225806
20,253,3629,3,0.8266740148801323
20,254,1861,285,153.14347125201505
20,255,1619,2,1.2353304508956147
20,256,3899,18,4.616568350859195
20,257,1988,30,15.090543259557345
20,258,1789,265,148.1274455002795
20,259,2554,27,10.5716523101018
20,260,1754,14,7.98175598631699
20,261,1721,187,108.65775711795467
20,262,2864,183,63.89664804469274
20,263,1587,20,12.60239445494644
20,264,1676,76,45.346062052505964
20,265,2467,166,67.28820429671666
20,266,2686,7,2.6061057334326136
20,267,1682,26,15.457788347205707
20,268,1771,242,136.64596273291926
20,269,1582,4,2.5284450063211126
20,270,1678,28,16.6865315852205
20,271,1745,23,13.180515759312321
20,272,1648,18,10.922330097087379
20,273,1575,21,13.333333333333334
20,274,3659,11,3.006285870456409
20,275,2570,27,10.505836575875486
20,276,1941,229,117.98042246264812
20,277,1635,9,5.504587155963303
20,278,1796,29,16.146993318485524
20,279,1862,15,8.055853920515574
20,280,1551,18,11.60541586073501
20,281,1867,174,93.19764327798607
20,282,1950,2,1.0256410256410255
20,283,1636,16,9.7799511002445
20,284,1921,4,2.082248828735034
20,285,1836,20,10.893246187363834
20,286,1540,204,132.46753246753246
20,287,1701,4,2.3515579071134627
20,288,3886,25,6.433350488934638
20,289,1693,19,11.222681630242173
20,290,3876,16,4.12796697626419
20,291,1502,2,1.3315579227696406
20,292,1962,11,5.606523955147808
20,293,1599,13,8.130081300813009
20,294,2929,202,68.96551724137932
20,295,1689,1,0.5920663114268798
20,296,1939,6,3.0943785456420834
20,297,1651,24,14.5366444579043
20,298,1936,277,143.0785123966942
20,299,1817,89,48.981838194826636
20,300,1729,18,10.410641989589358
20,301,2826,7,2.4769992922859165
20,302,2554,115,45.02740798747063
20,303,1951,26,13.326499231163506
20,304,1608,15,9.328358208955224
20,305,3958,23,5.811015664477009
20,306,3359,14,4.167907115212861
20,307,1682,291,173.00832342449465
20,308,1816,17,9.361233480176212
20,309,2817,15,5.324813631522897
20,310,2012,28,13.916500994035784
20,311,2303,203,88.14589665653496
20,312,3769,3,0.7959671000265323
20,313,3150,221,70.15873015873017
20,314,2264,5,2.208480565371025
20,315,1817,20,11.007154650522839
20,316,1980,15,7.575757575757576
20,317,1932,9,4.658385093167702
20,318,1951,21,10.763710917478216
20,319,1561,4,2.5624599615631007
20,320,1654,4,2.418379685610641
20,321,1920,26,13.541666666666666
20,322,1915,75,39.1644908616188
20,323,1540,291,188.96103896103895
20,324,1643,4,2.4345709068776626
20,325,1911,159,83.20251177394034
20,326,1876,27,14.392324093816631
20,327,2428,11,4.530477759472817
20,328,1760,16,9.090909090909092
20,329,3382,135,39.917208752217626
20,330,1661,15,9.030704394942806
20,331,1685,22,13.056379821958457
20,332,1589,22,13.845185651353052
20,333,1709,4,2.3405500292568755
20,334,1654,6,3.6275695284159615
20,335,1778,148,83.23959505061868
20,336,1946,14,7.194244604316546
20,337,1997,47,23.535302954431646
20,338,1939,108,55.6988138215575
20,339,1999,12,6.003001500750375
20,340,1598,16,10.012515644555695
20,341,3704,12,3.239740820734341
20,342,1905,19,9.973753280839896
20,343,2977,17,5.710446758481693
20,344,3690,7,1.897018970189702
20,345,1650,10,6.0606060606060606
20,346,1669,1,0.5991611743559018
20,347,2851,155,54.36688881094353
20,348,1630,19,11.656441717791411
20,349,2375,13,5.473684210526316
20,350,2852,8,2.805049088359046
20,351,1872,23,12.286324786324787
20,352,3654,11,3.0103995621237
20,353,3335,157,47.07646176911544
20,354,1549,3,1.9367333763718528
20,355,1746,18,10.309278350515465
20,356,1555,204,131.18971061093248
20,357,1785,2,1.1204481792717087
20,358,1595,8,5.015673981191223
20,359,1697,24,14.142604596346494
20,360,1773,166,93.62662154540327
20,361,1961,14,7.139214686384498
20,362,1601,16,9.993753903810118
20,363,1919,6,3.1266284523189163
20,364,3851,0,0.0
20,365,1661,6,3.6122817579771223
20,366,2376,2,0.8417508417508418
20,367,3990,14,3.508771929824561
20,368,1670,26,15.568862275449101
20,369,1766,26,14.722536806342015
20,370,1597,20,12.523481527864746
20,371,3335,228,68.36581709145428
20,372,3013,29,9.624958513109858
20,373,1546,4,2.5873221216041395
20,374,1669,18,10.784901138406232
20,375,1813,5,2.7578599007170435
20,376,2302,40,17.37619461337967
20,377,1917,26,13.562858633281168
20,378,1946,254,130.5241521068859
20,379,3520,28,7.954545454545454
20,380,1644,7,4.257907542579075
20,381,3045,16,5.254515599343185
20,382,1933,8,4.138644593895499
20,383,1986,155,78.04632426988923
20,384,3745,11,2.937249666221629
20,385,1870,3,1.6042780748663101
20,386,1889,11,5.823186871360508
20,387,1533,4,2.609262883235486
20,388,1715,27,15.743440233236152
20,389,1752,21,11.986301369863014
20,390,1602,147,91.76029962546816
20,391,2048,7,3.41796875
20,392,1951,1,0.5125576627370579
20,393,1786,28,15.677491601343785
20,394,1960,24,12.244897959183673
20,395,1954,27,13.817809621289662
20,396,3243,130,40.086339808819
20,397,1576,266,168.78172588832487
20,398,3780,13,3.439153439153439
20,399,1969,4,2.031488065007618
20,400,1909,18,9.429020429544265
20,401,1710,23,13.450292397660819
20,402,2231,43,19.27386822052891
20,403,1934,23,11.892450879007239
20,404,1615,27,16.71826625386997
20,405,1814,29,15.986769570011026
20,406,1904,18,9.453781512605042
20,407,3196,104,32.54067584480601
20,408,1581,28,17.710309930423783
20,409,1890,175,92.5925925925926
20,410,2007,14,6.975585450921773
20,411,2954,9,3.0467163168584968
20,412,1653,173,104.65819721718088
20,413,1719,4,2.326934264107039
20,414,3466,2,0.5770340450086555
20,415,3967,27,6.806150743634989
20,416,1839,21,11.419249592169658
20,417,3535,10,2.828854314002829
20,418,1818,6,3.3003300330033003
20,419,1573,15,9.535918626827717
20,420,1629,26,15.960712093308778
20,421,1766,10,5.662514156285391
20,422,3512,11,3.132118451025057
20,423,1762,4,2.2701475595913734
20,424,1995,29,14.536340852130326
20,425,1604,171,106.60847880299252
20,426,1844,29,15.726681127982646
20,427,3803,9,2.36655272153563
20,428,2270,0,0.0
20,429,1618,16,9.88875154511743
20,430,1533,14,9.132420091324201
20,431,1813,18,9.928295642581357
20,432,1905,5,2.6246719160104988
20,433,3041,18,5.91910555738244
20,434,1625,21,12.923076923076923
20,435,2537,23,9.065825778478517
20,436,1865,27,14.47721179624665
20,437,1593,84,52.73069679849341
20,438,1966,24,12.207527975584943
20,439,1643,31,18.867924528301888
20,440,1968,2,1.016260162601626
20,441,3766,11,2.9208709506107278
20,442,1860,30,16.129032258064516
20,443,3696,1,0.27056277056277056
20,444,1646,30,18.226002430133658
20,445,4000,4,1.0
20,446,1900,14,7.368421052631579
20,447,1858,10,5.382131324004305
20,448,2313,3,1.297016861219196
20,449,1966,23,11.698880976602238
20,450,2845,0,0.0
20,451,3932,3,0.762970498474059
20,452,1529,50,32.701111837802486
20,453,2132,25,11.726078799249532
20,454,1979,12,6.06366851945427
20,455,1854,12,6.472491909385114
20,456,2263,94,41.5377817057004
20,457,1881,25,13.290802764486974
20,458,1534,9,5.867014341590613
20,459,1525,18,11.80327868852459
20,460,1719,25,14.543339150668993
20,461,1935,20,10.335917312661499
20,462,1731,28,16.175621028307337
20,463,1925,23,11.948051948051948
20,464,1889,2,1.0587612493382743
20,465,3681,25,6.7916327085031245
20,466,1992,29,14.558232931726907
20,467,1565,3,1.9169329073482428
20,468,3291,15,4.557885141294439
20,469,1612,104,64.51612903225806
20,470,3081,99,32.13242453748783
20,471,1779,4,2.2484541877459248
20,472,1506,11,7.304116865869854
20,473,1907,9,4.719454640797063
20,474,2926,12,4.101161995898838
20,475,3803,13,3.4183539311070206
20,476,3401,17,4.998529844163481
20,477,1727,193,111.7544875506659
20,478,1989,7,3.519356460532931
20,479,3484,15,4.305396096440872
20,480,1593,5,3.138731952291274
20,481,1767,153,86.5874363327674
20,482,1532,205,133.81201044386424
20,483,2954,118,39.94583615436696
20,484,3882,8,2.0607934054611023
20,485,1976,23,11.639676113360323
20,486,1551,25,16.118633139909736
20,487,1823,18,9.873834339001645
20,488,1863,25,13.419216317767042
20,489,1534,12,7.822685788787484
20,490,1647,66,40.07285974499089
20,491,1829,208,113.72334609075997
20,492,1624,23,14.16256157635468
20,493,1851,1,0.5402485143165856
20,494,1514,30,19.815059445178335
20,495,3024,8,2.6455026455026456
20,496,1976,122,61.74089068825911
20,497,1584,29,18.30808080808081
20,498,2953,9,3.047748052827633
20,499,1733,3,1.7311021350259665
20,500,1576,0,0.0
20,501,1618,1,0.6180469715698393
20,502,1940,23,11.855670103092784
20,503,3744,5,1.3354700854700854
20,504,2318,7,3.019844693701467
20,505,1971,14,7.102993404363267
20,506,1574,78,49.555273189326556
20,507,1533,16,10.437051532941943
20,508,1735,6,3.4582132564841497
20,509,2207,2,0.9062075215224287
20,510,3439,288,83.7452747891829
20,511,1744,18,10.321100917431192
20,512,2553,13,5.09204857030944
20,513,1807,18,9.96126175982291
20,514,1816,15,8.259911894273127
20,515,1732,20,11.547344110854503
20,516,1517,27,17.798286090969018
20,517,1584,13,8.207070707070708
20,518,1967,30,15.251652262328419
20,519,1706,30,17.584994138335286
20,520,1502,146,97.20372836218375
20,521,1545,227,146.92556634304208
20,522,2256,27,11.96808510638298
20,523,2950,64,21.694915254237287
20,524,3300,177,53.63636363636363
20,525,1810,6,3.314917127071823
20,526,2777,186,66.97875405113432
20,527,1878,30,15.97444089456869
20,528,1877,0,0.0
20,529,1555,18,11.57556270096463
20,530,2772,1,0.36075036075036077
20,531,2087,27,12.937230474365117
20,532,1711,140,81.82349503214495
20,533,1933,23,11.898603207449561
20,534,2814,27,9.594882729211088
20,535,2328,156,67.01030927835052
20,536,1929,24,12.441679626749611
20,537,3438,176,51.19255381035486
20,538,1875,273,145.6
20,539,1601,7,4.372267332916927
20,540,1660,23,13.855421686746988
20,541,1782,151,84.73625140291807
20,542,1810,272,150.27624309392266
20,543,1946,185,95.06680369989722
20,544,3053,11,3.6030134294136915
20,545,1585,152,95.89905362776025
20,546,1832,28,15.283842794759826
20,547,1518,20,13.175230566534914
20,548,1559,12,7.6972418216805645
20,549,1847,5,2.707092582566324
20,550,1840,1,0.5434782608695652
20,551,1957,12,6.131834440470107
20,552,1614,22,13.630731102850062
20,553,1505,13,8.637873754152825
20,554,1880,1,0.5319148936170213
20,555,2236,27,12.075134168157424
20,556,1698,16,9.422850412249705
20,557,2794,0,0.0
20,558,3402,13,3.8212815990593767
20,559,1587,103,64.90233144297416
20,560,3798,25,6.582411795681938
20,561,1821,20,10.982976386600768
20,562,1725,9,5.217391304347826
20,563,1938,248,127.96697626418988
20,564,1783,13,7.291082445316881
20,565,2892,200,69.15629322268326
20,566,1829,25,13.66867140513942
20,567,1806,20,11.074197120708748
20,568,1925,16,8.311688311688311
20,569,1815,80,44.07713498622589
20,570,1695,55,32.448377581120944
21,001,1962,6,3.058103975535168
21,002,1997,0,0.0
21,003,1967,16,8.13421453990849
21,004,3889,18,4.628439187451787
21,005,1670,115,68.8622754491018
21,006,3729,13,3.4861893268972914
21,007,3802,8,2.1041557075223567
21,008,1688,222,131.5165876777251
21,009,1735,15,8.645533141210375
21,010,1834,6,3.271537622682661
21,011,3903,276,70.71483474250576
21,012,2163,26,12.020342117429497
21,013,2588,14,5.409582689335394
21,014,1928,244,126.55601659751038
21,015,1543,239,154.89306545690215
21,016,1883,13,6.903876792352629
21,017,1766,15,8.493771234428086
21,018,1627,0,0.0
21,019,3459,9,2.6019080659150045
21,020,1696,23,13.56132075471698
21,021,2410,23,9.54356846473029
21,022,1789,7,3.9128004471771938
21,023,2271,24,10.568031704095112
21,024,2919,12,4.110996916752312
21,025,1583,0,0.0
21,026,3583,13,3.6282444878593356
21,027,2870,24,8.362369337979095
21,028,1667,0,0.0
21,029,1798,132,73.41490545050056
21,030,1647,28,17.00060716454159
21,031,1506,4,2.6560424966799467
21,032,2283,22,9.636443276390715
21,033,1837,8,4.354926510615133
21,034,2783,12,4.311893639956881
21,035,1609,12,7.458048477315103
21,036,1764,30,17.006802721088434
21,037,1591,24,15.08485229415462
21,038,1888,29,15.360169491525424
21,039,3281,20,6.09570252971655
21,040,2714,178,65.5858511422255
21,041,1603,3,1.8714909544603868
21,042,1596,171,107.14285714285714
21,043,3298,12,3.638568829593693
21,044,2028,6,2.9585798816568047
21,045,1566,10,6.385696040868455
21,046,1576,239,151.6497461928934
21,047,1977,22,11.12797167425392
21,048,1729,9,5.205320994794679
21,049,1948,27,13.860369609856264
21,050,1645,10,6.079027355623101
21,051,1645,11,6.686930091185411
21,052,1612,12,7.444168734491315
21,053,3961,156,39.38399394092401
21,054,1955,7,3.580562659846547
21,055,1859,12,6.455083378160301
21,056,2872,20,6.963788300835654
21,057,2646,25,9.44822373393802
21,058,1825,180,98.63013698630137
21,059,1573,22,13.986013986013987
21,060,1802,8,4.439511653718091
21,061,1665,4,2.4024024024024024
21,062,2602,19,7.302075326671791
21,063,2852,15,5.259467040673211
21,064,1992,66,33.13253012048193
21,065,1656,29,17.51207729468599
21,066,1634,7,4.283965728274174
21,067,1806,25,13.842746400885936
21,068,3537,4,1.1309018942606728
21,069,1688,3,1.7772511848341233
21,070,1923,29,15.080603224128966
21,071,1593,6,3.766478342749529
21,072,2533,26,10.264508487958942
21,073,2042,30,14.691478942213516
21,074,1811,10,5.521811154058531
21,075,1585,28,17.665615141955836
21,076,1930,299,154.9222797927461
21,077,2992,0,0.0
21,078,2604,269,103.3026113671275
21,079,1528,257,168.1937172774869
21,080,1892,0,0.0
21,081,3228,4,1.2391573729863692
21,082,1714,15,8.751458576429405
21,083,1711,212,123.9041496201052
21,084,1994,14,7.021063189568706
21,085,2481,70,28.214429665457477
21,086,1606,29,18.05728518057285
21,087,1662,13,7.821901323706378
21,088,1950,6,3.076923076923077
21,089,1512,207,136.9047619047619
21,090,1716,7,4.0792540792540795
21,091,1997,25,12.518778167250876
21,092,1871,27,14.430785676109032
21,093,1950,24,12.307692307692308
21,094,3241,263,81.14779389077445
21,095,1899,15,7.898894154818326
21,096,1882,12,6.376195536663125
21,097,1630,10,6.134969325153374
21,098,1683,271,161.02198455139632
21,099,2748,10,3.63901018922853
21,100,1692,1,0.5910165484633569
21,101,1643,24,14.607425441265978
21,102,2927,0,0.0
21,103,1509,11,7.289595758780649
21,104,1613,6,3.7197768133911966
21,105,1731,11,6.35470826112074
21,106,1834,30,16.357688113413303
21,107,1875,7,3.7333333333333334
21,108,1647,20,12.143290831815422
21,109,1882,29,15.40913921360255
21,110,1869,228,121.99036918138042
21,111,1921,19,9.890681936491411
21,112,1932,16,8.281573498964804
21,113,1622,29,17.87916152897657
21,114,1790,4,2.2346368715083798
21,115,2263,8,3.5351303579319486
21,116,1894,30,15.839493136219641
21,117,1932,47,24.32712215320911
21,118,1611,1,0.6207324643078833
21,119,1630,7,4.294478527607362
21,120,1911,132,69.07378335949764
21,121,2534,163,64.32517758484609
21,122,1898,27,14.22550052687039
21,123,1686,11,6.524317912218268
21,124,2328,1,0.42955326460481097
21,125,1502,24,15.978695073235686
21,126,3047,5,1.6409583196586808
21,127,1817,8,4.402861860209136
21,128,1737,8,4.605641911341393
21,129,1602,3,1.8726591760299625
21,130,2480,23,9.274193548387096
21,131,3249,28,8.618036318867343
21,132,1735,18,10.37463976945245
21,133,3550,138,38.87323943661972
21,134,1837,77,41.91616766467066
21,135,1520,3,1.9736842105263157
21,136,1758,275,156.42775881683733
21,137,3892,15,3.854059609455293
21,138,3078,20,6.49772579597141
21,139,3462,20,5.7770075101097635
21,140,1595,28,17.55485893416928
21,141,2730,22,8.058608058608058
21,142,3451,107,31.005505650536076
21,143,1911,28,14.652014652014651
21,144,2446,2,0.8176614881439084
21,145,2315,157,67.81857451403887
21,146,1988,22,11.066398390342052
21,147,1952,3,1.5368852459016393
21,148,3211,18,5.605730302086577
21,149,1569,21,13.38432122370937
21,150,1687,20,11.855364552459989
21,151,1941,27,13.910355486862443
21,152,1779,90,50.5902192242833
21,153,2596,12,4.622496147919877
21,154,1613,21,13.019218846869189
21,155,1520,9,5.921052631578948
21,156,1754,0,0.0
21,157,1528,28,18.32460732984293
21,158,1933,14,7.242628039317124
21,159,1850,27,14.594594594594595
21,160,1879,23,12.240553485896754
21,161,1825,43,23.561643835616437
21,162,1865,67,35.924932975871315
21,163,3566,174,48.79416713404375
21,164,3327,66,19.837691614066728
21,165,2431,19,7.815713698066639
21,166,1767,25,14.148273910582908
21,167,2473,4,1.6174686615446825
21,168,3979,10,2.5131942699170646
21,169,1925,6,3.116883116883117
21,170,2958,15,5.070993914807302
21,171,1549,26,16.785022595222724
21,172,2220,4,1.8018018018018018
21,173,3924,11,2.803261977573904
21,174,1638,28,17.094017094017094
21,175,1692,28,16.548463356973997
21,176,1608,0,0.0
21,177,3752,19,5.063965884861407
21,178,2245,62,27.616926503340757
21,179,1661,0,0.0
21,180,2509,8,3.188521323236349
21,181,2264,27,11.925795053003533
21,182,2175,15,6.896551724137931
21,183,3096,19,6.136950904392765
21,184,1769,7,3.9570378745053705
21,185,1673,2,1.1954572624028692
21,186,1842,5,2.7144408251900107
21,187,1874,130,69.37033084311634
21,188,1924,8,4.158004158004158
21,189,1925,14,7.2727272727272725
21,190,1772,29,16.36568848758465
21,191,1682,3,1.78359096313912
21,192,2024,4,1.976284584980237
21,193,1994,10,5.015045135406218
21,194,1662,6,3.6101083032490973
21,195,3530,25,7.0821529745042495
21,196,1610,64,39.75155279503105
21,197,2848,36,12.640449438202246
21,198,1728,19,10.99537037037037
21,199,1729,270,156.15962984384038
21,200,3334,8,2.3995200959808036
21,201,1728,13,7.523148148148148
21,202,1536,178,115.88541666666667
21,203,1884,17,9.023354564755838
21,204,1662,15,9.025270758122744
21,205,1678,16,9.535160905840286
21,206,2720,24,8.823529411764707
21,207,1936,5,2.5826446280991737
21,208,1657,22,13.27700663850332
21,209,1944,25,12.860082304526749
21,210,1672,13,7.77511961722488
21,211,1601,7,4.372267332916927
21,212,1968,285,144.8170731707317
21,213,1755,107,60.96866096866097
21,214,1839,11,5.981511691136487
21,215,1883,13,6.903876792352629
21,216,1531,244,159.37295885042457
21,217,1552,3,1.9329896907216495
22,001,1884,6,3.1847133757961785
22,002,1703,0,0.0
22,003,1561,20,12.812299807815503
22,004,1854,5,2.696871628910464
22,005,1941,18,9.273570324574962
22,006,1661,21,12.642986152919928
22,007,3423,7,2.044989775051125
22,008,1888,23,12.182203389830509
22,009,3447,21,6.092254134029591
22,010,1541,3,1.9467878001297858
22,011,1905,16,8.398950131233596
22,012,1600,143,89.375
22,013,2111,0,0.0
22,014,1802,24,13.318534961154272
22,015,1957,28,14.30761369443025
22,016,1929,18,9.331259720062208
22,017,2438,274,112.38720262510255
22,018,1864,264,141.63090128755366
23,001,1893,12,6.3391442155309035
23,002,1960,23,11.73469387755102
23,003,1997,125,62.59389083625438
23,004,1909,11,5.762179151388161
23,005,2137,9,4.211511464670099
23,006,1966,13,6.612410986775178
23,007,1742,8,4.592422502870264
23,008,1783,230,128.99607403252944
23,009,1753,18,10.26811180832858
23,010,1795,16,8.913649025069638
23,011,1826,23,12.595837897042717
24,001,1626,17,10.45510455104551
24,002,1540,199,129.2207792207792
24,003,1538,12,7.802340702210663
24,004,2131,59,27.686532144533082
24,005,1701,15,8.818342151675486
24,006,1999,61,30.515257628814407
24,007,1783,12,6.730229949523276
24,008,2396,7,2.9215358931552586
24,009,1781,30,16.844469399213924
24,010,1501,20,13.324450366422385
24,011,3113,21,6.745904272406039
24,012,1528,62,40.575916230366495
24,013,1741,219,125.78977599080989
24,014,3750,4,1.0666666666666667
24,015,1889,1,0.5293806246691372
24,016,3286,0,0.0
24,017,1539,10,6.49772579597141
24,018,1730,270,156.0693641618497
24,019,1733,23,13.271783035199077
24,020,1708,97,56.79156908665105
24,021,1953,28,14.336917562724015
24,022,1732,3,1.7321016166281755
24,023,3686,24,6.511123168746609
24,024,1787,265,148.29322887520985
24,025,1994,277,138.91675025075224
24,026,1806,7,3.875968992248062
24,027,2946,173,58.72369314324508
24,028,2042,2,0.9794319294809011
24,029,1899,232,122.16956292785677
24,030,1528,239,156.41361256544502
24,031,1793,49,27.328499721137756
24,032,1633,290,177.58726270667484
24,033,3255,8,2.457757296466974
24,034,1637,22,13.439218081857055
24,035,3996,0,0.0
24,036,1776,22,12.387387387387387
24,037,1947,215,110.42629686697484
24,038,1815,29,15.977961432506888
24,039,1855,0,0.0
24,040,1654,24,14.510278113663846
24,041,2860,16,5.594405594405594
24,042,1855,11,5.929919137466308
24,043,1511,11,7.27994705493051
24,044,1665,3,1.8018018018018018
24,045,2690,173,64.31226765799256
24,046,1617,10,6.184291898577613
24,047,2228,29,13.016157989228008
24,048,2741,8,2.918642831083546
24,049,2469,17,6.885378695828271
24,050,2607,236,90.52550824702723
24,051,1565,153,97.76357827476038
24,052,1787,17,9.513150531617235
24,053,3978,9,2.262443438914027
24,054,1713,16,9.340338587273788
24,055,1827,150,82.10180623973727
24,056,2357,1,0.42426813746287656
24,057,2413,17,7.045171985080812
24,058,1513,11,7.270323859881031
25,001,1829,6,3.280481137233461
25,002,2331,11,4.719004719004719
25,003,1775,18,10.140845070422536
25,004,1987,9,4.529441368897836
25,005,1667,21,12.59748050389922
25,006,1921,9,4.685059864653826
25,007,1879,4,2.12879191059074
25,008,1804,2,1.1086474501108647
25,009,1537,28,18.217306441119064
25,010,1792,23,12.834821428571429
25,011,3710,2,0.5390835579514824
25,012,2008,8,3.9840637450199203
25,013,2465,20,8.113590263691684
25,014,1637,2,1.2217470983506413
25,015,2681,6,2.237970906378217
25,016,1909,16,8.381351492928236
25,017,3051,15,4.916420845624385
25,018,3824,5,1.3075313807531381
26,001,1741,23,13.210798391728892
26,002,1551,15,9.671179883945841
26,003,1984,100,50.403225806451616
26,004,1999,16,8.0040020010005
26,005,1557,21,13.48747591522158
26,006,1827,17,9.30487137383689
26,007,1680,6,3.5714285714285716
26,008,1521,225,147.92899408284023
26,009,1917,13,6.781429316640584
26,010,3339,22,6.588799041629231
26,011,1752,6,3.4246575342465753
26,012,1902,286,150.36803364879074
26,013,2805,14,4.991087344028521
26,014,2838,191,67.30091613812544
26,015,1722,0,0.0
26,016,1689,28,16.577856719952635
26,017,3027,3,0.9910802775024777
26,018,1892,261,137.9492600422833
26,019,2311,18,7.788836001730853
26,020,1598,8,5.006257822277847
26,021,1745,16,9.169054441260744
26,022,2912,27,9.271978021978022
26,023,1946,10,5.138746145940391
26,024,1999,15,7.503751875937969
26,025,1822,11,6.0373216245883645
26,026,3309,13,3.9286793593230582
26,027,1974,28,14.184397163120567
26,028,1772,4,2.2573363431151243
26,029,1629,21,12.89134438305709
26,030,2231,24,10.757507844016136
26,031,1545,26,16.828478964401295
26,032,1891,7,3.7017451084082498
26,033,2466,21,8.51581508515815
26,034,3366,2,0.5941770647653001
26,035,1627,20,12.292562999385371
26,036,1811,20,11.043622308117062
26,037,1508,28,18.56763925729443
26,038,1649,21,12.734990903577925
26,039,1522,15,9.85545335085414
26,040,1854,13,7.011866235167206
26,041,3122,30,9.609224855861628
26,042,1733,103,59.434506635891516
26,043,1547,4,2.585649644473174
26,044,1900,17,8.947368421052632
26,045,3010,50,16.611295681063122
26,046,3040,0,0.0
26,047,1712,13,7.593457943925234
26,048,1675,20,11.940298507462687
26,049,2531,16,6.321612011062821
26,050,1751,290,165.61964591661908
26,051,2623,1,0.3812428516965307
26,052,1657,28,16.898008449004223
26,053,1561,114,73.03010890454837
26,054,1966,5,2.5432349949135302
26,055,3137,205,65.3490596110934
26,056,1892,18,9.513742071881607
26,057,1506,7,4.648074369189907
26,058,1926,14,7.268951194184839
26,059,1921,4,2.082248828735034
26,060,3674,6,1.633097441480675
26,061,1986,6,3.0211480362537766
26,062,1912,19,9.93723849372385
26,063,2186,11,5.032021957913998
26,064,1745,9,5.157593123209169
26,065,1594,17,10.664993726474279
26,066,2250,7,3.111111111111111
26,067,1755,24,13.675213675213675
26,068,1926,0,0.0
26,069,1681,11,6.543723973825104
26,070,1939,20,10.314595152140278
26,071,3324,9,2.707581227436823
26,072,1633,26,15.921616656460502
27,001,1638,15,9.157509157509157
27,002,1870,0,0.0
27,003,2150,10,4.651162790697675
27,004,1631,1,0.6131207847946045
27,005,1851,18,9.724473257698541
27,006,3588,1,0.2787068004459309
27,007,1501,258,171.88540972684876
27,008,1715,5,2.9154518950437316
27,009,1850,5,2.7027027027027026
27,010,1647,130,78.93139040680025
27,011,1700,26,15.294117647058824
27,012,1998,191,95.5955955955956
27,013,1723,22,12.768427161926871
27,014,1915,147,76.76240208877284
27,015,1501,209,139.2405063291139
27,016,1844,13,7.049891540130152
27,017,1594,2,1.2547051442910917
28,001,1644,212,128.9537712895377
28,002,1999,108,54.02701350675338
28,003,1936,9,4.648760330578512
28,004,1712,11,6.425233644859813
28,005,1732,21,12.124711316397228
28,006,3993,0,0.0
28,007,1909,30,15.71503404924044
28,008,1746,2,1.145475372279496
28,009,1689,3,1.7761989342806395
28,010,2084,258,123.8003838771593
28,011,1966,76,38.657171922685656
28,012,1998,5,2.5025025025025025
28,013,1750,29,16.571428571428573
28,014,1572,197,125.31806615776081
28,015,2612,4,1.5313935681470139
28,016,1845,8,4.336043360433604
28,017,1881,96,51.036682615629985
28,018,1832,2,1.091703056768559
28,019,1872,72,38.46153846153846
28,020,1906,4,2.0986358866736623
28,021,3315,19,5.731523378582202
28,022,3601,21,5.83171341294085
28,023,1536,2,1.3020833333333333
28,024,1859,7,3.765465303926842
28,025,1566,23,14.687100893997446
28,026,1691,25,14.78415138971023
28,027,1617,95,58.750773036487324
28,028,1688,21,12.440758293838863
28,029,1674,220,131.42174432497012
28,030,2573,92,35.755926933540614
28,031,1941,5,2.575991756826378
28,032,1831,3,1.6384489350081923
28,033,2764,248,89.72503617945007
28,034,2770,136,49.09747292418773
28,035,3318,11,3.315250150693189
28,036,1672,10,5.980861244019139
28,037,1767,18,10.186757215619695
28,038,2842,24,8.444757213230119
28,039,1781,17,9.545199326221224
28,040,1882,20,10.626992561105208
28,041,2841,13,4.575853572685674
28,042,1855,64,34.501347708894876
28,043,2015,12,5.955334987593052
29,001,3379,279,82.56880733944953
29,002,1503,26,17.298735861610112
29,003,1864,19,10.193133047210301
29,004,2191,19,8.67183934276586
29,005,1727,3,1.7371163867979154
29,006,1545,21,13.592233009708737
29,007,1584,16,10.1010101010101
29,008,1937,230,118.74032008260197
29,009,1613,79,48.97706137631742
29,010,3998,24,6.003001500750375
29,011,3455,244,70.62228654124458
29,012,1898,20,10.53740779768177
29,013,1538,16,10.403120936280883
29,014,1938,17,8.771929824561404
29,015,1548,15,9.689922480620154
29,016,2745,8,2.914389799635701
29,017,1531,7,4.57217504898759
29,018,2585,13,5.029013539651838
29,019,3297,192,58.234758871701544
29,020,1506,7,4.648074369189907
29,021,1748,192,109.83981693363845
29,022,1880,9,4.787234042553192
29,023,1518,178,117.25955204216073
29,024,1941,163,83.97733127253993
29,025,3433,4,1.1651616661811826
29,026,1517,21,13.843111404087013
29,027,1626,29,17.83517835178352
29,028,1807,24,13.281682346430548
29,029,1936,7,3.615702479338843
29,030,1746,183,104.81099656357388
29,031,2326,4,1.7196904557179709
29,032,1944,24,12.345679012345679
29,033,2335,1,0.4282655246252677
29,034,1594,5,3.136762860727729
29,035,2263,22,9.72160848431286
29,036,1646,5,3.0376670716889427
29,037,3630,14,3.8567493112947657
29,038,1986,17,8.559919436052366
29,039,1997,8,4.006009013520281
29,040,1847,6,3.2485110990795887
29,041,3427,6,1.7508024511234315
29,042,1808,21,11.61504424778761
29,043,1818,5,2.75027502750275
29,044,1763,9,5.104934770277936
29,045,1639,102,62.23306894447834
29,046,1558,6,3.851091142490372
29,047,1522,2,1.314060446780552
29,048,1982,9,4.540867810292633
29,049,1722,133,77.23577235772358
29,050,1544,22,14.248704663212436
29,051,1706,280,164.126611957796
29,052,1870,19,10.16042780748663
29,053,1858,16,8.611410118406889
29,054,1542,276,178.98832684824902
29,055,2202,29,13.169845594913715
29,056,2968,293,98.71967654986523
29,057,1946,25,12.846865364850977
29,058,1638,24,14.652014652014651
29,059,1924,4,2.079002079002079
29,060,1654,18,10.882708585247883
30,001,1830,5,2.73224043715847
30,002,1834,0,0.0
30,003,2401,26,10.828821324448146
30,004,1956,28,14.314928425357873
30,005,1638,4,2.442002442002442
30,006,1664,19,11.41826923076923
30,007,1503,24,15.968063872255488
30,008,1945,4,2.056555269922879
30,009,1728,23,13.310185185185185
30,010,3734,19,5.088377075522228
30,011,2540,22,8.661417322834646
30,012,1578,115,72.87705956907477
30,013,1791,13,7.258514796203238
30,014,2235,11,4.921700223713646
30,015,2401,27,11.245314452311536
30,016,1735,8,4.610951008645533
30,017,3020,16,5.298013245033113
30,018,1796,275,153.11804008908686
30,019,3014,6,1.9907100199071002
30,020,2105,119,56.53206650831354
30,021,1783,10,5.608524957936063
30,022,3564,26,7.295173961840629
30,023,1900,33,17.36842105263158
30,024,1761,16,9.085746734809767
30,025,1531,23,15.022860875244938
30,026,1716,268,156.17715617715618
30,027,1576,3,1.9035532994923858
30,028,1677,1,0.5963029218843172
30,029,3281,20,6.09570252971655
30,030,1673,53,31.67961745367603
30,031,2608,19,7.285276073619632
30,032,1658,20,12.062726176115802
30,033,1711,18,10.520163646990063
30,034,1930,5,2.5906735751295336
30,035,1868,13,6.9593147751606
30,036,1680,13,7.738095238095238
30,037,1703,249,146.2125660598943
30,038,1901,66,34.71856917411888
30,039,3893,0,0.0
30,040,2596,30,11.556240369799692
30,041,1915,10,5.221932114882507
30,042,1799,7,3.8910505836575875
30,043,2535,19,7.495069033530572
30,044,1799,20,11.117287381878821
30,045,2451,16,6.527947776417789
30,046,1975,25,12.658227848101266
30,047,1515,8,5.2805280528052805
30,048,1870,30,16.0427807486631
30,049,3260,2,0.6134969325153374
30,050,1685,12,7.121661721068249
30,051,2275,12,5.274725274725275
30,052,3858,10,2.592016588906169
30,053,1978,0,0.0
30,054,1988,177,89.03420523138833
30,055,1554,1,0.6435006435006435
30,056,1564,30,19.18158567774936
30,057,1937,279,144.03717088280845
30,058,3462,22,6.35470826112074
30,059,2095,32,15.274463007159904
30,060,1915,2,1.0443864229765014
30,061,2225,8,3.595505617977528
30,062,1569,25,15.933715742511154
30,063,1785,9,5.042016806722689
30,064,1735,26,14.985590778097983
30,065,1617,15,9.276437847866418
30,066,1786,295,165.17357222844345
30,067,1698,187,110.12956419316843
30,068,1859,1,0.5379236148466918
30,069,1812,24,13.245033112582782
30,070,2526,2,0.7917656373713381
30,071,3490,215,61.60458452722063
30,072,1794,17,9.47603121516165
30,073,1759,19,10.801591813530415
30,074,1655,26,15.709969788519638
30,075,1537,23,14.964216005204944
30,076,3749,29,7.735396105628167
30,077,3751,11,2.932551319648094
30,078,1736,18,10.368663594470046
30,079,1713,0,0.0
30,080,3208,2,0.6234413965087282
30,081,3816,26,6.813417190775682
30,082,1676,266,158.71121718377088
30,083,1509,4,2.6507620941020544
30,084,1956,29,14.826175869120654
30,085,1633,28,17.146356399265155
30,086,1745,28,16.045845272206304
30,087,1568,29,18.494897959183675
30,088,1536,2,1.3020833333333333
30,089,1561,29,18.57783472133248
30,090,1725,30,17.391304347826086
30,091,1540,16,10.38961038961039
30,092,3410,199,58.35777126099707
30,093,1806,21,11.627906976744185
30,094,3324,30,9.025270758122744
30,095,3219,14,4.349176762969867
30,096,1707,105,61.511423550087876
30,097,1737,12,6.90846286701209
30,098,2914,19,6.520247083047358
30,099,1581,150,94.87666034155598
30,100,3341,24,7.183478000598623
30,101,1991,104,52.23505775991964
30,102,3802,11,2.8932140978432406
30,103,1998,21,10.51051051051051
30,104,2161,5,2.3137436372049978
30,105,1810,17,9.392265193370166
30,106,3489,232,66.49469762109487
30,107,1939,9,4.641567818463125
30,108,1556,191,122.75064267352185
30,109,3621,25,6.904170118751726
30,110,1937,7,3.613835828600929
30,111,1809,7,3.869541182974019
30,112,1697,0,0.0
30,113,1817,1,0.550357732526142
30,114,1698,30,17.6678445229682
30,115,1686,124,73.54685646500593
30,116,1778,20,11.24859392575928
30,117,1987,13,6.542526421741319
30,118,1939,30,15.471892728210419
30,119,1859,16,8.60677783754707
30,120,1555,5,3.215434083601286
30,121,2578,11,4.266873545384018
30,122,1810,28,15.469613259668508
30,123,1813,267,147.26971869829012
30,124,1887,9,4.769475357710652
30,125,3776,22,5.826271186440678
30,126,3514,233,66.30620375640297
30,127,2880,5,1.7361111111111112
30,128,2559,22,8.597108245408362
30,129,2581,14,5.4242541650523055
30,130,3865,84,21.733505821474772
30,131,2292,18,7.853403141361256
30,132,1648,165,100.12135922330097
30,133,1569,265,168.89738687061822
30,134,1891,18,9.518773135906928
30,135,1992,6,3.0120481927710845
30,136,1641,29,17.672151127361364
30,137,2661,20,7.51597143930853
30,138,1778,29,16.310461192350957
30,139,1742,242,138.9207807118255
30,140,1777,293,164.88463702870007
30,141,3758,24,6.386375731772219
30,142,2825,30,10.619469026548673
30,143,1972,3,1.5212981744421907
30,144,1857,101,54.388799138395264
30,145,1802,3,1.664816870144284
30,146,3154,23,7.2923272035510465
30,147,1643,24,14.607425441265978
30,148,1954,14,7.164790174002047
30,149,1874,16,8.537886872998932
30,150,2244,1,0.44563279857397503
30,151,1697,6,3.5356511490866236
30,152,1836,17,9.25925925925926
30,153,1724,28,16.241299303944317
30,154,2322,1,0.4306632213608958
30,155,1949,25,12.827090815802975
30,156,1503,213,141.71656686626747
30,157,1575,21,13.333333333333334
30,158,1852,4,2.159827213822894
30,159,1533,250,163.07893020221786
30,160,1896,2,1.0548523206751055
30,161,1519,27,17.774851876234365
30,162,1786,2,1.1198208286674132
30,163,2049,11,5.368472425573451
30,164,1857,25,13.462574044157243
30,165,1916,8,4.175365344467641
30,166,2789,163,58.44388669774113
30,167,1611,24,14.8975791433892
30,168,1588,13,8.18639798488665
30,169,2355,20,8.492569002123142
30,170,1510,22,14.56953642384106
30,171,2682,4,1.4914243102162565
30,172,1567,3,1.9144862795149968
30,173,1577,28,17.755231452124285
30,174,3825,16,4.183006535947713
30,175,1747,20,11.448196908986835
30,176,1572,12,7.633587786259542
30,177,3274,1,0.30543677458766033
30,178,3364,28,8.323424494649228
30,179,3625,5,1.3793103448275863
30,180,1689,275,162.81823564239195
30,181,1555,18,11.57556270096463
30,182,1721,143,83.0912260313771
30,183,1865,16,8.579088471849866
30,184,1726,15,8.690614136732329
30,185,1882,4,2.1253985122210413
30,186,1539,21,13.645224171539962
30,187,1858,11,5.920344456404736
30,188,1712,25,14.602803738317757
30,189,1908,22,11.530398322851154
30,190,3548,21,5.918827508455468
30,191,2570,18,7.003891050583658
30,192,1803,22,12.201885745978924
30,193,1678,0,0.0
30,194,3088,185,59.909326424870464
30,195,1923,236,122.72490899635986
30,196,1617,24,14.84230055658627
30,197,1871,259,138.42864778193479
30,198,1800,20,11.11111111111111
30,199,1717,14,8.1537565521258
30,200,2705,30,11.090573012939002
30,201,2806,292,104.06272273699216
30,202,1840,19,10.326086956521738
30,203,1957,9,4.59887583035258
30,204,1823,30,16.456390565002742
30,205,3564,29,8.13692480359147
30,206,1532,20,13.054830287206267
30,207,1902,15,7.886435331230284
30,208,1683,25,14.854426619132502
30,209,1552,28,18.04123711340206
30,210,1858,15,8.073196986006458
30,211,1922,6,3.121748178980229
30,212,3406,155,45.5079271873165
31,001,1915,0,0.0
31,002,1695,52,30.678466076696164
31,003,1674,20,11.947431302270012
31,004,1526,19,12.450851900393184
31,005,2986,30,10.046885465505694
31,006,1704,3,1.7605633802816902
31,007,1824,25,13.706140350877194
31,008,1794,21,11.705685618729097
31,009,1745,20,11.461318051575931
31,010,1579,29,18.36605446485117
31,011,1857,4,2.154011847065159
31,012,1517,24,15.820698747528017
31,013,1571,16,10.184595798854232
31,014,1984,22,11.088709677419354
31,015,1721,30,17.431725740848343
31,016,1875,26,13.866666666666667
31,017,1527,29,18.99148657498363
31,018,1682,3,1.78359096313912
31,019,3747,12,3.202562049639712
31,020,1926,8,4.153686396677051
31,021,3845,27,7.022106631989597
31,022,1729,5,2.891844997108155
31,023,1743,22,12.621916236374068
31,024,1906,26,13.641133263378803
31,025,1801,25,13.8811771238201
31,026,1588,5,3.1486146095717884
31,027,1581,23,14.547754585705249
31,028,3784,148,39.112050739957716
31,029,1849,11,5.949161709031909
31,030,1790,29,16.201117318435752
31,031,1607,22,13.690105787181082
31,032,3949,24,6.07748797163839
31,033,3861,246,63.71406371406371
31,034,1638,7,4.273504273504273
31,035,1758,3,1.7064846416382253
31,036,1872,6,3.2051282051282053
31,037,1877,20,10.655301012253597
31,038,1742,7,4.018369690011481
31,039,1769,18,10.175240248728095
31,040,1527,22,14.407334643091028
31,041,3339,11,3.2943995208146153
31,042,1650,9,5.454545454545454
31,043,1953,47,24.065540194572453
31,044,1767,16,9.054895302773062
31,045,2206,24,10.879419764279238
31,046,3201,278,86.84786004373633
31,047,1714,3,1.750291715285881
31,048,1714,24,14.002333722287048
31,049,2791,220,78.82479398065209
31,050,1623,19,11.70671595810228
31,051,1529,11,7.194244604316546
31,052,2245,234,104.2316258351893
31,053,1935,254,131.26614987080103
31,054,1590,24,15.09433962264151
31,055,2223,1,0.449842555105713
31,056,2118,265,125.1180358829084
31,057,1667,12,7.198560287942412
31,058,3935,30,7.6238881829733165
31,059,1885,283,150.13262599469496
31,060,1524,8,5.2493438320209975
31,061,1578,22,13.94169835234474
31,062,1564,15,9.59079283887468
31,063,1799,16,8.893829905503058
31,064,1732,14,8.083140877598153
31,065,1722,20,11.614401858304298
31,066,1561,27,17.29660474055093
31,067,1699,19,11.183048852266039
31,068,1707,7,4.100761570005858
31,069,1539,26,16.894087069525668
31,070,1834,3,1.6357688113413305
31,071,2249,27,12.00533570475767
31,072,3168,161,50.82070707070707
31,073,1719,25,14.543339150668993
31,074,1877,136,72.45604688332445
31,075,1912,12,6.2761506276150625
31,076,2600,24,9.23076923076923
31,077,1515,11,7.260726072607261
31,078,1614,243,150.55762081784385
31,079,3093,5,1.6165535079211122
31,080,1581,28,17.710309930423783
31,081,1920,24,12.5
31,082,1819,29,15.94282572842221
31,083,1528,271,177.35602094240838
31,084,1892,1,0.5285412262156448
31,085,1918,29,15.119916579770594
31,086,1626,2,1.2300123001230012
31,087,1880,2,1.0638297872340425
31,088,1592,217,136.30653266331657
31,089,1724,23,13.341067285382831
31,090,1780,164,92.13483146067416
31,091,1939,5,2.5786487880350695
31,092,1630,8,4.9079754601226995
31,093,1938,35,18.059855521155832
31,094,1827,5,2.736726874657909
31,095,1980,30,15.151515151515152
31,096,1514,27,17.833553500660503
31,097,3092,12,3.8809831824062098
31,098,2701,30,11.106997408367272
31,099,1843,244,132.39283776451438
31,100,1575,146,92.6984126984127
31,101,1923,14,7.280291211648466
31,102,1541,205,133.03049967553537
31,103,1505,257,170.7641196013289
31,104,1991,210,105.4746358613762
31,105,1813,300,165.4715940430226
31,106,1963,0,0.0
32,001,1616,258,159.65346534653466
32,002,1780,3,1.6853932584269662
32,003,2892,12,4.149377593360996
32,004,1606,23,14.321295143212952
32,005,1766,70,39.637599093997736
32,006,1673,19,11.356843992827256
32,007,3158,19,6.016466117796074
32,008,2353,0,0.0
32,009,1847,23,12.452625879805089
32,010,2008,153,76.19521912350598
32,011,1649,15,9.096422073984233
32,012,1901,0,0.0
32,013,1555,11,7.07395498392283
32,014,3928,13,3.309572301425662
32,015,2356,6,2.5466893039049237
32,016,1693,239,141.16952155936207
32,017,1734,14,8.073817762399077
32,018,2543,25,9.830908375933936
32,019,1926,7,3.6344755970924196
32,020,1923,15,7.800312012480499
32,021,1887,24,12.718600953895072
32,022,2658,30,11.286681715575622
32,023,2096,20,9.541984732824428
32,024,1733,290,167.3398730525101
32,025,1846,29,15.70964247020585
32,026,2205,1,0.45351473922902497
32,027,2335,15,6.423982869379015
32,028,1711,20,11.689070718877849
32,029,1576,8,5.0761421319796955
32,030,1627,239,146.8961278426552
32,031,1642,0,0.0
32,032,1941,22,11.334363730036063
32,033,1857,23,12.385568120624663
32,034,1622,21,12.946979038224415
32,035,1720,6,3.488372093023256
32,036,1707,26,15.231400117164617
32,037,1962,244,124.36289500509685
32,038,1958,30,15.321756894790603
32,039,1615,20,12.38390092879257
32,040,1947,29,14.894709809964047
32,041,3200,8,2.5
32,042,1603,15,9.357454772301933
32,043,1697,6,3.5356511490866236
32,044,1994,200,100.30090270812437
32,045,1588,26,16.3727959697733
32,046,2061,27,13.100436681222707
32,047,1732,19,10.969976905311778
32,048,1671,10,5.9844404548174746
32,049,1578,26,16.476552598225602
32,050,1870,13,6.951871657754011
32,051,1831,17,9.284543965046423
32,052,1934,20,10.341261633919338
32,053,1863,2,1.0735373054213635
32,054,1731,3,1.733102253032929
32,055,1544,25,16.191709844559586
32,056,1851,43,23.23068611561318
32,057,3712,180,48.491379310344826
32,058,1943,12,6.1760164693772515
