;Clave de Entidad;Clave de Municipio;Pob Riesgo;Nuevos Casos;T Incidencia
0;01;001;1328;194;146.0843373493976
1;01;002;1111;14;12.601260126012601
2;01;003;3622;25;6.902263942573164
3;01;004;4440;21;4.72972972972973
4;01;005;273;171;626.3736263736264
5;01;006;1265;22;17.391304347826086
6;01;007;3950;127;32.151898734177216
7;01;008;387;10;25.839793281653748
8;01;009;3473;6;1.7276130146847106
9;01;010;3512;25;7.118451025056948
10;01;011;3827;34;8.884243532793311
11;02;001;1135;18;15.859030837004406
12;02;002;731;9;12.311901504787961
13;02;003;1351;21;15.544041450777202
14;02;004;3265;30;9.188361408882082
15;02;005;3747;8;2.1350413664264747
16;02;006;4128;14;3.391472868217054
17;03;001;1134;28;24.691358024691358
18;03;002;3446;6;1.7411491584445735
19;03;003;1119;1;0.8936550491510277
20;03;008;1412;27;19.121813031161473
21;03;009;1274;17;13.343799058084773
22;04;001;16;30;1875.0
23;04;002;3238;8;2.4706609017912293
24;04;003;4495;172;38.26473859844271
25;04;004;390;145;371.79487179487177
26;04;005;1972;27;13.691683569979716
27;04;006;1933;30;15.519917227108122
28;04;007;1325;29;21.88679245283019
29;04;008;3924;8;2.038735983690112
30;04;009;92;30;326.0869565217391
31;04;010;982;81;82.4847250509165
32;04;011;1402;23;16.405135520684738
33;04;012;4456;11;2.4685816876122084
34;05;001;4211;156;37.04583234386131
35;05;002;1982;15;7.568113017154389
36;05;003;787;28;35.57814485387548
37;05;004;4095;150;36.63003663003663
38;05;005;3236;29;8.96168108776267
39;05;006;3408;24;7.042253521126761
40;05;007;714;156;218.48739495798318
41;05;008;801;25;31.210986267166042
42;05;009;1403;21;14.96792587312901
43;05;010;1393;16;11.486001435750179
44;05;011;1453;10;6.882312456985547
45;05;012;1768;14;7.918552036199095
46;05;013;3393;19;5.599764220453876
47;05;014;668;28;41.91616766467066
48;05;015;871;3;3.444316877152698
49;05;016;554;12;21.660649819494584
50;05;017;3944;20;5.070993914807302
51;05;018;4500;52;11.555555555555555
52;05;019;994;1;1.0060362173038229
53;05;020;3239;22;6.792219820932386
54;05;021;968;16;16.52892561983471
55;05;022;3590;16;4.456824512534819
56;05;023;4476;19;4.244861483467382
57;05;024;3988;77;19.30792377131394
58;05;025;3885;13;3.346203346203346
59;05;026;3318;28;8.438818565400844
60;05;027;824;9;10.922330097087379
61;05;028;702;30;42.73504273504273
62;05;029;3841;13;3.384535277271544
63;05;030;3685;22;5.970149253731344
64;05;031;4095;16;3.907203907203907
65;05;032;675;89;131.85185185185185
66;05;033;1938;16;8.25593395252838
67;05;034;858;62;72.26107226107226
68;05;035;209;27;129.1866028708134
69;05;036;4453;4;0.8982708286548394
70;05;037;87;185;2126.4367816091954
71;05;038;792;9;11.363636363636363
72;06;001;4419;124;28.060647205250056
73;06;002;3915;30;7.662835249042145
74;06;003;959;199;207.5078206465068
75;06;004;4200;26;6.190476190476191
76;06;005;3973;33;8.306065945129625
77;06;006;252;23;91.26984126984127
78;06;007;4270;26;6.0889929742388755
79;06;008;15;5;333.3333333333333
80;06;009;3628;13;3.5832414553472987
81;06;010;1776;58;32.65765765765766
82;07;001;1233;22;17.842660178426602
83;07;002;3366;6;1.7825311942959001
84;07;003;1024;20;19.53125
85;07;004;964;27;28.008298755186722
86;07;005;1514;3;1.9815059445178336
87;07;006;4444;19;4.275427542754276
88;07;007;4418;75;16.976007243096422
89;07;008;3832;23;6.002087682672234
90;07;009;3426;71;20.723876240513718
91;07;010;4411;18;4.080707322602584
92;07;011;3771;44;11.667992574913816
93;07;012;68;149;2191.176470588235
94;07;013;3329;22;6.608591168519075
95;07;014;3431;15;4.371903235208394
96;07;015;805;2;2.484472049689441
97;07;016;4213;19;4.509850462853074
98;07;017;147;30;204.08163265306123
99;07;018;1016;17;16.73228346456693
100;07;019;1278;27;21.12676056338028
101;07;020;4385;4;0.9122006841505131
102;07;021;3827;2;0.5226025607525477
103;07;022;433;27;62.35565819861432
104;07;023;569;28;49.209138840070295
105;07;024;3473;24;6.9104520587388425
106;07;025;554;30;54.151624548736464
107;07;026;3926;14;3.565970453387672
108;07;027;821;185;225.33495736906212
109;07;028;3742;57;15.232495991448424
110;07;029;1244;26;20.90032154340836
111;07;030;3870;10;2.5839793281653747
112;07;031;543;21;38.67403314917127
113;07;032;1617;18;11.131725417439704
114;07;033;3308;26;7.8597339782345825
115;07;034;44;20;454.54545454545456
116;07;035;890;16;17.97752808988764
117;07;036;398;24;60.301507537688444
118;07;037;3836;30;7.820646506777893
119;07;038;3365;27;8.023774145616642
120;07;039;3393;7;2.06307102858827
121;07;040;4188;4;0.9551098376313276
122;07;041;4113;14;3.4038414782397277
123;07;042;719;20;27.816411682892905
124;07;043;3681;26;7.063298016843249
125;07;044;3885;30;7.722007722007722
126;07;045;1567;23;14.67772814294831
127;07;046;149;12;80.53691275167785
128;07;047;176;101;573.8636363636364
129;07;048;4460;92;20.62780269058296
130;07;049;3573;3;0.8396305625524769
131;07;050;3310;64;19.335347432024168
132;07;051;877;177;201.82440136830104
133;07;052;1667;86;51.58968206358728
134;07;053;552;0;0.0
135;07;054;1843;12;6.511123168746609
136;07;055;3418;26;7.606787595084845
137;07;056;1940;196;101.03092783505154
138;07;057;525;24;45.714285714285715
139;07;058;697;7;10.043041606886657
140;07;059;814;16;19.656019656019655
141;07;060;3322;5;1.5051173991571343
142;07;061;1621;36;22.208513263417643
143;07;062;1480;14;9.45945945945946
144;07;063;1208;15;12.417218543046358
145;07;064;4085;26;6.364749082007344
146;07;065;3674;10;2.721829069134458
147;07;066;3780;21;5.555555555555555
148;07;067;3317;12;3.6177268616219473
149;07;068;678;194;286.13569321533924
150;07;069;1470;25;17.006802721088434
151;07;070;1629;12;7.366482504604051
152;07;071;4475;15;3.35195530726257
153;07;072;4360;3;0.6880733944954128
154;07;073;4194;25;5.960896518836433
155;07;074;3712;8;2.1551724137931036
156;07;075;4417;4;0.9055920307901291
157;07;076;3738;75;20.064205457463885
158;07;077;1585;16;10.094637223974763
159;07;078;476;27;56.72268907563025
160;07;079;814;22;27.027027027027028
161;07;080;1610;28;17.391304347826086
162;07;081;3251;30;9.227929867733005
163;07;082;436;11;25.229357798165136
164;07;083;1697;9;5.303476723629935
165;07;084;3257;25;7.675775253300583
166;07;085;3853;77;19.984427718660783
167;07;086;1772;6;3.386004514672686
168;07;087;702;18;25.641025641025642
169;07;088;1353;154;113.82113821138212
170;07;089;55;5;90.9090909090909
171;07;090;1663;22;13.2291040288635
172;07;091;1606;30;18.679950186799502
173;07;092;1236;2;1.6181229773462784
174;07;093;1625;30;18.46153846153846
175;07;094;1645;64;38.90577507598784
176;07;096;664;100;150.6024096385542
177;07;097;3892;7;1.7985611510791366
178;07;098;139;136;978.4172661870504
179;07;099;1715;103;60.05830903790088
180;07;100;1565;6;3.8338658146964857
181;07;101;1550;30;19.35483870967742
182;07;102;120;21;175.0
183;07;103;508;17;33.46456692913386
184;07;104;669;139;207.7727952167414
185;07;105;4343;20;4.605111673958094
186;07;106;3991;30;7.5169130543723375
187;07;107;1903;129;67.78770362585391
188;07;108;3735;9;2.4096385542168677
189;07;109;688;27;39.24418604651163
190;07;110;1175;13;11.063829787234043
191;07;111;1764;139;78.79818594104309
192;07;112;1351;11;8.142116950407106
193;07;113;1052;29;27.566539923954373
194;07;114;4089;26;6.358522866226461
195;07;115;1354;23;16.986706056129986
196;07;116;1890;11;5.8201058201058204
197;07;117;709;197;277.8561354019746
198;07;118;1309;19;14.514896867838043
199;07;119;362;23;63.53591160220994
200;07;120;3481;27;7.756391841424878
201;07;121;702;27;38.46153846153846
202;07;122;1579;14;8.866371120962635
203;07;123;4018;7;1.7421602787456445
204;07;124;4440;7;1.5765765765765767
205;07;125;1296;25;19.290123456790123
206;08;001;661;25;37.821482602118
207;08;002;1315;151;114.82889733840304
208;08;003;1587;20;12.60239445494644
209;08;004;1797;30;16.69449081803005
210;08;005;3986;21;5.268439538384345
211;08;006;694;9;12.968299711815561
212;08;007;1626;150;92.25092250922509
213;08;008;45;1;22.22222222222222
214;08;009;181;11;60.773480662983424
215;08;010;4094;82;20.029311187103076
216;08;011;1531;29;18.941868060091444
217;08;012;85;4;47.05882352941177
218;08;013;1289;21;16.29169899146625
219;08;014;3479;0;0.0
220;08;015;1617;13;8.039579468150897
221;08;016;4484;25;5.575379125780553
222;08;017;972;14;14.40329218106996
223;08;018;1700;18;10.588235294117647
224;08;019;915;7;7.6502732240437155
225;08;020;1325;5;3.7735849056603774
226;08;021;690;3;4.3478260869565215
227;08;022;1650;7;4.242424242424242
228;08;023;704;87;123.57954545454545
229;08;024;156;30;192.30769230769232
230;08;025;1283;25;19.485580670303975
231;08;026;4068;6;1.4749262536873156
232;08;027;1443;156;108.10810810810811
233;08;028;576;1;1.7361111111111112
234;08;029;1942;19;9.783728115345005
235;08;030;271;18;66.42066420664207
236;08;031;1014;28;27.613412228796843
237;08;032;1912;14;7.322175732217573
238;08;033;1246;4;3.2102728731942216
239;08;034;515;174;337.86407766990294
240;08;035;3289;19;5.776831863788385
241;08;036;296;133;449.3243243243243
242;08;037;1576;19;12.055837563451776
243;08;038;1917;6;3.1298904538341157
244;08;039;4257;10;2.349072116513977
245;08;040;1561;11;7.046764894298526
246;08;041;3747;17;4.536962903656258
247;08;042;908;176;193.83259911894274
248;08;043;698;13;18.624641833810887
249;08;044;43;15;348.83720930232556
250;08;045;3773;20;5.3008216273522395
251;08;046;1711;27;15.780245470485097
252;08;047;339;2;5.899705014749262
253;08;048;4079;22;5.393478793822015
254;08;049;336;4;11.904761904761905
255;08;050;1985;42;21.15869017632242
256;08;051;269;25;92.93680297397769
257;08;052;3396;29;8.539458186101296
258;08;053;538;24;44.60966542750929
259;08;054;3943;11;2.789753994420492
260;08;055;3389;11;3.245795219828858
261;08;056;68;27;397.05882352941177
262;08;057;118;8;67.79661016949153
263;08;058;1968;18;9.146341463414634
264;08;059;1253;26;20.75019952114924
265;08;060;1652;9;5.447941888619854
266;08;061;4221;9;2.1321961620469083
267;08;062;1361;28;20.573108008817048
268;08;063;3625;15;4.137931034482759
269;08;064;1023;14;13.685239491691105
270;08;065;4106;71;17.29176814417925
271;08;066;818;7;8.557457212713937
272;08;067;480;4;8.333333333333334
273;09;002;844;9;10.663507109004739
274;09;003;3479;4;1.1497556769186548
275;09;004;426;30;70.4225352112676
276;09;005;4195;121;28.843861740166865
277;09;006;978;29;29.652351738241308
278;09;007;3974;28;7.0457976849521895
279;09;008;1893;16;8.452192287374539
280;09;009;973;3;3.0832476875642345
281;09;010;1435;1;0.6968641114982579
282;09;011;74;12;162.16216216216216
283;09;012;359;149;415.041782729805
284;09;013;3307;8;2.419110976716057
285;09;014;3702;125;33.765532144786604
286;09;015;3436;13;3.783469150174622
287;09;016;791;28;35.39823008849557
288;09;017;362;27;74.58563535911603
289;10;001;505;2;3.9603960396039604
290;10;002;1517;14;9.22874093605801
291;10;003;1930;29;15.025906735751295
292;10;004;1302;22;16.897081413210447
293;10;005;4216;30;7.115749525616699
294;10;006;3616;3;0.8296460176991151
295;10;007;1889;25;13.234515616728428
296;10;008;1553;1;0.6439150032195751
297;10;009;3488;6;1.7201834862385321
298;10;010;4118;11;2.6711996114618746
299;10;011;1032;6;5.813953488372093
300;10;012;1700;2;1.1764705882352942
301;10;013;1771;27;15.245623941276115
302;10;014;672;11;16.36904761904762
303;10;015;931;5;5.370569280343717
304;10;016;1744;4;2.293577981651376
305;10;017;3317;10;3.014772384684956
306;10;018;4387;29;6.610439936175062
307;10;019;379;2;5.277044854881266
308;10;020;868;65;74.88479262672811
309;10;021;160;14;87.5
310;10;022;932;9;9.656652360515022
311;10;023;3916;12;3.0643513789581207
312;10;024;379;75;197.88918205804748
313;10;025;863;25;28.968713789107763
314;10;026;1794;14;7.803790412486065
315;10;027;866;121;139.7228637413395
316;10;028;3863;28;7.248252653378204
317;10;029;1450;200;137.93103448275863
318;10;030;774;1;1.2919896640826873
319;10;031;427;20;46.8384074941452
320;10;032;1678;5;2.9797377830750893
321;10;033;3982;6;1.5067805123053741
322;10;034;52;13;250.0
323;10;035;4044;3;0.7418397626112759
324;10;036;1984;21;10.584677419354838
325;10;037;389;24;61.696658097686374
326;10;038;923;28;30.335861321776814
327;10;039;774;28;36.17571059431525
328;11;001;1675;9;5.373134328358209
329;11;002;1783;2;1.1217049915872126
330;11;003;852;12;14.084507042253522
331;11;004;149;80;536.9127516778524
332;11;005;4104;89;21.686159844054583
333;11;006;1826;6;3.285870755750274
334;11;007;490;12;24.489795918367346
335;11;008;4285;12;2.8004667444574096
336;11;009;3694;23;6.226312939902544
337;11;010;267;5;18.726591760299627
338;11;011;296;20;67.56756756756756
339;11;012;1089;15;13.774104683195592
340;11;013;1429;88;61.581525542337296
341;11;014;338;11;32.544378698224854
342;11;015;330;8;24.242424242424242
343;11;016;1606;7;4.35865504358655
344;11;017;436;13;29.81651376146789
345;11;018;505;16;31.683168316831683
346;11;019;670;14;20.895522388059703
347;11;020;1690;28;16.568047337278106
348;11;021;1480;4;2.7027027027027026
349;11;022;1725;10;5.797101449275362
350;11;023;1708;21;12.295081967213115
351;11;024;3430;16;4.664723032069971
352;11;025;174;30;172.41379310344828
353;11;026;1173;86;73.31628303495312
354;11;027;1830;30;16.39344262295082
355;11;028;33;15;454.54545454545456
356;11;029;3653;14;3.832466465918423
357;11;030;1042;25;23.99232245681382
358;11;031;4361;6;1.375831231368952
359;11;032;3243;14;4.316990440949738
360;11;033;3413;29;8.496923527688251
361;11;034;196;26;132.6530612244898
362;11;035;4318;24;5.5581287633163505
363;11;036;1269;117;92.19858156028369
364;11;037;261;19;72.79693486590038
365;11;038;876;103;117.57990867579909
366;11;039;4054;23;5.673408978786384
367;11;040;842;2;2.375296912114014
368;11;041;1496;25;16.711229946524064
369;11;042;4464;9;2.0161290322580645
370;11;043;1749;8;4.574042309891366
371;11;044;1812;107;59.05077262693157
372;11;045;1272;167;131.28930817610063
373;11;046;4329;17;3.927003927003927
374;12;001;1834;21;11.450381679389313
375;12;002;3748;118;31.483457844183565
376;12;003;639;164;256.6510172143975
377;12;004;3259;28;8.59159251304081
378;12;005;4073;22;5.4014240117849255
379;12;006;1436;153;106.54596100278552
380;12;007;4140;160;38.64734299516908
381;12;008;1814;4;2.205071664829107
382;12;009;126;22;174.6031746031746
383;12;010;3513;25;7.116424708226587
384;12;011;1981;27;13.629480060575467
385;12;012;3267;5;1.5304560759106214
386;12;013;1904;121;63.55042016806723
387;12;014;863;7;8.111239860950175
388;12;015;178;9;50.561797752808985
389;12;016;601;7;11.647254575707155
390;12;017;1854;13;7.011866235167206
391;12;018;84;5;59.523809523809526
392;12;019;3536;5;1.414027149321267
393;12;020;3659;28;7.65236403388904
394;12;021;1505;2;1.3289036544850499
395;12;022;3702;20;5.4024851431658565
396;12;023;4310;3;0.6960556844547564
397;12;024;3899;21;5.3859964093357275
398;12;025;3892;28;7.194244604316546
399;12;026;295;1;3.389830508474576
400;12;027;1575;30;19.047619047619047
401;12;028;1369;9;6.574141709276844
402;12;029;572;15;26.223776223776223
403;12;030;4140;30;7.246376811594203
404;12;031;1396;145;103.86819484240688
405;12;032;321;30;93.45794392523365
406;12;033;1022;2;1.9569471624266144
407;12;034;1161;9;7.751937984496124
408;12;035;154;8;51.94805194805195
409;12;036;443;20;45.146726862302486
410;12;037;708;2;2.824858757062147
411;12;038;919;28;30.46789989118607
412;12;039;81;198;2444.4444444444443
413;12;040;1326;15;11.312217194570136
414;12;041;3432;4;1.1655011655011656
415;12;042;417;18;43.16546762589928
416;12;043;483;16;33.126293995859214
417;12;044;4403;6;1.3627072450601863
418;12;045;1261;0;0.0
419;12;046;390;12;30.76923076923077
420;12;047;1769;0;0.0
421;12;048;1065;16;15.023474178403756
422;12;049;1395;24;17.204301075268816
423;12;050;4317;24;5.559416261292564
424;12;051;1013;29;28.627838104639682
425;12;052;4195;16;3.8140643623361146
426;12;053;3418;1;0.29256875365710944
427;12;054;1833;16;8.72885979268958
428;12;055;691;161;232.9956584659913
429;12;056;1336;35;26.197604790419163
430;12;057;1790;10;5.58659217877095
431;12;058;1356;150;110.61946902654867
432;12;059;3551;23;6.477048718670797
433;12;060;686;1;1.4577259475218658
434;12;061;1249;26;20.816653322658127
435;12;062;298;8;26.845637583892618
436;12;063;3578;23;6.428172163219676
437;12;064;1339;79;58.999253174010455
438;12;065;1092;8;7.326007326007326
439;12;066;1553;29;18.673535093367676
440;12;067;1772;1;0.5643340857787811
441;12;068;1148;106;92.33449477351917
442;12;069;1690;11;6.508875739644971
443;12;070;3392;12;3.5377358490566038
444;12;071;269;105;390.3345724907063
445;12;072;1843;30;16.277807921866522
446;12;073;953;16;16.7890870933893
447;12;074;1508;29;19.23076923076923
448;12;075;196;21;107.14285714285714
449;12;076;1518;125;82.34519104084322
450;12;077;876;19;21.689497716894977
451;12;078;1487;102;68.59448554135844
452;12;079;1518;111;73.12252964426878
453;12;080;4276;133;31.103835360149674
454;12;081;1037;5;4.821600771456123
455;13;001;408;23;56.372549019607845
456;13;002;4468;2;0.4476275738585497
457;13;003;3833;2;0.5217845030002609
458;13;004;3871;20;5.1666236114699045
459;13;005;897;9;10.033444816053512
460;13;006;4197;58;13.819394805813676
461;13;007;1020;25;24.50980392156863
462;13;008;805;22;27.32919254658385
463;13;009;758;24;31.662269129287598
464;13;010;126;160;1269.8412698412699
465;13;011;424;25;58.9622641509434
466;13;012;4179;192;45.944005743000716
467;13;013;1653;18;10.88929219600726
468;13;014;523;0;0.0
469;13;015;401;155;386.53366583541145
470;13;016;1891;92;48.651507139079854
471;13;017;763;127;166.44823066841414
472;13;018;916;29;31.65938864628821
473;13;019;658;25;37.993920972644375
474;13;020;758;26;34.300791556728235
475;13;021;1340;13;9.701492537313433
476;13;022;1456;1;0.6868131868131868
477;13;023;51;28;549.0196078431372
478;13;024;448;13;29.017857142857142
479;13;025;1122;7;6.238859180035651
480;13;026;1839;6;3.2626427406199023
481;13;027;1864;26;13.948497854077253
482;13;028;696;16;22.988505747126435
483;13;029;724;3;4.143646408839779
484;13;030;1985;196;98.74055415617129
485;13;031;2000;17;8.5
486;13;032;892;18;20.179372197309416
487;13;033;3513;17;4.839168801594079
488;13;034;3584;26;7.254464285714286
489;13;035;3625;0;0.0
490;13;036;4106;11;2.6790063321967854
491;13;037;442;30;67.87330316742081
492;13;038;1643;0;0.0
493;13;039;3527;7;1.9846895378508647
494;13;040;841;13;15.457788347205707
495;13;041;3259;27;8.284749923289352
496;13;042;1679;1;0.5955926146515783
497;13;043;700;0;0.0
498;13;044;4309;19;4.409375725226271
499;13;045;3652;178;48.74041621029573
500;13;046;1433;4;2.7913468248429867
501;13;047;61;28;459.0163934426229
502;13;048;3507;28;7.984031936127744
503;13;049;512;4;7.8125
504;13;050;1323;3;2.2675736961451247
505;13;051;918;0;0.0
506;13;052;3549;79;22.259791490560723
507;13;053;200;30;150.0
508;13;054;159;49;308.17610062893084
509;13;055;82;4;48.78048780487805
510;13;056;59;16;271.1864406779661
511;13;057;3445;136;39.477503628447025
512;13;058;1997;6;3.0045067601402105
513;13;059;3302;3;0.9085402786190188
514;13;060;1324;19;14.350453172205437
515;13;061;3968;20;5.040322580645161
516;13;062;512;40;78.125
517;13;063;775;7;9.03225806451613
518;13;064;1104;101;91.48550724637681
519;13;065;3760;15;3.9893617021276597
520;13;066;1307;13;9.946442234123948
521;13;067;556;121;217.62589928057554
522;13;068;948;13;13.713080168776372
523;13;069;3677;20;5.4392167527875985
524;13;070;1472;12;8.152173913043478
525;13;071;4282;127;29.659037832788417
526;13;072;1345;9;6.691449814126394
527;13;073;3501;1;0.2856326763781777
528;13;074;1136;16;14.084507042253522
529;13;075;3540;30;8.474576271186441
530;13;076;431;9;20.88167053364269
531;13;077;1805;30;16.62049861495845
532;13;078;309;134;433.65695792880257
533;13;079;1409;23;16.323633782824697
534;13;080;201;15;74.6268656716418
535;13;081;948;24;25.31645569620253
536;13;082;4492;28;6.233303650934996
537;13;083;3791;13;3.4291743603270906
538;13;084;345;65;188.40579710144928
539;14;001;677;18;26.587887740029544
540;14;002;3260;29;8.895705521472392
541;14;003;187;22;117.6470588235294
542;14;004;296;102;344.5945945945946
543;14;005;3255;19;5.837173579109063
544;14;006;746;27;36.193029490616624
545;14;007;405;17;41.97530864197531
546;14;008;1200;85;70.83333333333333
547;14;009;1997;1;0.5007511266900351
548;14;010;1153;21;18.21335646140503
549;14;011;1655;184;111.17824773413898
550;14;012;553;177;320.07233273056056
551;14;013;649;24;36.97996918335902
552;14;014;1110;2;1.8018018018018018
553;14;015;1708;17;9.953161592505856
554;14;016;1836;9;4.901960784313726
555;14;017;704;22;31.25
556;14;018;433;13;30.023094688221708
557;14;019;1325;194;146.41509433962264
558;14;020;871;8;9.184845005740527
559;14;021;1454;14;9.628610729023384
560;14;022;487;13;26.694045174537987
561;14;023;1973;25;12.671059300557527
562;14;024;3362;8;2.379535990481856
563;14;025;784;17;21.683673469387756
564;14;026;1693;15;8.860011813349084
565;14;027;1717;23;13.395457192778101
566;14;028;713;8;11.220196353436185
567;14;029;4457;0;0.0
568;14;030;949;18;18.967334035827186
569;14;031;1264;19;15.031645569620252
570;14;032;4230;11;2.600472813238771
571;14;033;345;9;26.08695652173913
572;14;034;3457;104;30.08388776395719
573;14;035;203;43;211.82266009852216
574;14;036;4192;6;1.4312977099236641
575;14;037;982;150;152.74949083503054
576;14;038;181;15;82.87292817679558
577;14;039;1398;40;28.61230329041488
578;14;040;575;30;52.17391304347826
579;14;041;998;7;7.014028056112225
580;14;042;1795;7;3.8997214484679668
581;14;043;43;29;674.4186046511628
582;14;044;683;23;33.674963396778914
583;14;045;1833;127;69.28532460447354
584;14;046;1240;95;76.61290322580645
585;14;047;471;9;19.10828025477707
586;14;048;1608;27;16.791044776119403
587;14;049;3273;20;6.110601894286587
588;14;050;202;6;29.702970297029704
589;14;051;1392;93;66.8103448275862
590;14;052;3979;10;2.5131942699170646
591;14;053;1078;24;22.263450834879407
592;14;054;1387;18;12.977649603460707
593;14;055;3713;13;3.5012119579854564
594;14;056;866;142;163.97228637413394
595;14;057;3268;2;0.6119951040391677
596;14;058;3454;27;7.81702374059062
597;14;059;1244;25;20.09646302250804
598;14;060;4102;0;0.0
599;14;061;3764;26;6.9075451647183845
600;14;062;4314;8;1.8544274455261938
601;14;063;1131;14;12.37842617152962
602;14;064;1985;22;11.083123425692696
603;14;065;1489;17;11.417058428475487
604;14;066;126;1;7.936507936507937
605;14;067;1127;7;6.211180124223603
606;14;068;1916;10;5.219206680584551
607;14;069;1201;26;21.648626144879266
608;14;070;75;14;186.66666666666666
609;14;071;1692;23;13.59338061465721
610;14;072;545;200;366.9724770642202
611;14;073;3573;2;0.559753708368318
612;14;074;1143;24;20.99737532808399
613;14;075;109;15;137.61467889908258
614;14;076;414;9;21.73913043478261
615;14;077;95;16;168.42105263157896
616;14;078;336;0;0.0
617;14;079;1773;1;0.5640157924421884
618;14;080;362;28;77.34806629834254
619;14;081;3855;23;5.966277561608301
620;14;082;894;5;5.592841163310962
621;14;083;758;24;31.662269129287598
622;14;084;889;4;4.499437570303712
623;14;085;1029;25;24.295432458697764
624;14;086;937;25;26.680896478121664
625;14;087;331;6;18.12688821752266
626;14;088;1148;15;13.066202090592334
627;14;089;4366;30;6.871278057718736
628;14;090;1918;6;3.1282586027111576
629;14;091;1149;27;23.49869451697128
630;14;092;670;18;26.865671641791046
631;14;093;4365;19;4.352806414662084
632;14;094;1160;85;73.27586206896552
633;14;095;4310;25;5.800464037122969
634;14;096;143;50;349.65034965034965
635;14;097;1074;21;19.553072625698324
636;14;098;1571;19;12.094207511139402
637;14;099;4035;29;7.1871127633209415
638;14;100;191;21;109.94764397905759
639;14;101;1527;18;11.787819253438114
640;14;102;581;16;27.538726333907057
641;14;103;681;23;33.773861967694565
642;14;104;3849;5;1.2990387113535984
643;14;105;4319;7;1.6207455429497568
644;14;106;1350;20;14.814814814814815
645;14;107;4431;12;2.708192281651997
646;14;108;3450;12;3.4782608695652173
647;14;109;1344;23;17.113095238095237
648;14;110;922;161;174.62039045553146
649;14;111;809;20;24.721878862793574
650;14;112;1694;22;12.987012987012987
651;14;113;674;7;10.385756676557863
652;14;114;783;16;20.434227330779056
653;14;115;1908;9;4.716981132075472
654;14;116;1703;13;7.633587786259542
655;14;117;359;158;440.1114206128134
656;14;118;664;7;10.542168674698795
657;14;119;619;25;40.38772213247173
658;14;120;691;8;11.577424023154848
659;14;121;1232;16;12.987012987012987
660;14;122;4198;60;14.292520247737018
661;14;123;795;1;1.2578616352201257
662;14;124;4282;23;5.371321812237272
663;14;125;3245;10;3.0816640986132513
664;15;001;4053;27;6.661732050333087
665;15;002;932;178;190.9871244635193
666;15;003;872;19;21.788990825688074
667;15;004;1566;9;5.747126436781609
668;15;005;288;23;79.86111111111111
669;15;006;938;21;22.388059701492537
670;15;007;4480;19;4.241071428571429
671;15;008;1969;14;7.110208227526663
672;15;009;1759;13;7.390562819783968
673;15;010;4384;24;5.474452554744525
674;15;011;4381;3;0.6847751654873316
675;15;012;1902;47;24.710830704521555
676;15;013;372;22;59.13978494623656
677;15;014;0;6;inf
678;15;015;325;31;95.38461538461539
679;15;016;316;191;604.4303797468355
680;15;017;1066;11;10.318949343339588
681;15;018;4004;114;28.471528471528472
682;15;019;3844;17;4.422476586888657
683;15;020;4321;1;0.23142791020597084
684;15;021;95;26;273.6842105263158
685;15;022;2000;13;6.5
686;15;023;1554;11;7.078507078507078
687;15;024;3837;4;1.0424811050299714
688;15;025;1645;15;9.118541033434651
689;15;026;1707;19;11.130638547158759
690;15;027;1241;22;17.7276390008058
691;15;028;685;10;14.598540145985401
692;15;029;4271;5;1.1706860220088973
693;15;030;670;5;7.462686567164179
694;15;031;199;0;0.0
695;15;032;715;163;227.97202797202797
696;15;033;4391;181;41.22067866089729
697;15;034;3981;81;20.346646571213263
698;15;035;893;29;32.474804031354985
699;15;036;3762;50;13.290802764486974
700;15;037;3850;16;4.1558441558441555
701;15;038;4275;16;3.742690058479532
702;15;039;666;165;247.74774774774775
703;15;040;1153;14;12.142237640936687
704;15;041;1272;16;12.578616352201259
705;15;042;3373;13;3.8541357841683963
706;15;043;3739;9;2.407060711420166
707;15;044;4400;2;0.45454545454545453
708;15;045;3734;5;1.339046598821639
709;15;046;1579;187;118.42938568714376
710;15;047;1793;125;69.71556051310652
711;15;048;3813;29;7.6055599265670075
712;15;049;374;172;459.89304812834223
713;15;050;4446;4;0.899685110211426
714;15;051;3991;19;4.76071160110248
715;15;052;714;14;19.607843137254903
716;15;053;1589;18;11.327879169288861
717;15;054;438;30;68.4931506849315
718;15;055;462;5;10.822510822510823
719;15;056;931;28;30.075187969924812
720;15;057;4082;25;6.124448799608035
721;15;058;130;1;7.6923076923076925
722;15;059;3647;26;7.129147244310392
723;15;060;3395;5;1.4727540500736378
724;15;061;3472;29;8.352534562211982
725;15;062;4079;20;4.9031625398381955
726;15;063;1243;22;17.699115044247787
727;15;064;4409;23;5.216602404173282
728;15;065;337;3;8.90207715133531
729;15;066;1316;3;2.2796352583586628
730;15;067;1044;174;166.66666666666666
731;15;068;150;1;6.666666666666667
732;15;069;1531;27;17.635532331809276
733;15;070;3911;20;5.113781641523907
734;15;071;1945;4;2.056555269922879
735;15;072;3986;113;28.349222277972906
736;15;073;788;19;24.111675126903553
737;15;074;3228;70;21.68525402726146
738;15;075;311;6;19.292604501607716
739;15;076;3812;26;6.820566631689402
740;15;077;3594;6;1.669449081803005
741;15;078;146;26;178.08219178082192
742;15;079;538;17;31.598513011152416
743;15;080;3398;7;2.0600353148911124
744;15;081;798;15;18.796992481203006
745;15;082;1728;16;9.25925925925926
746;15;083;1628;10;6.142506142506143
747;15;084;1960;17;8.673469387755102
748;15;085;1350;10;7.407407407407407
749;15;086;397;29;73.04785894206549
750;15;087;1574;4;2.5412960609911055
751;15;088;1756;14;7.972665148063781
752;15;089;4095;33;8.058608058608058
753;15;090;272;116;426.47058823529414
754;15;091;1332;27;20.27027027027027
755;15;092;771;5;6.485084306095979
756;15;093;4090;21;5.134474327628362
757;15;094;1718;17;9.89522700814901
758;15;095;3315;25;7.541478129713424
759;15;096;3546;12;3.3840947546531304
760;15;097;1251;27;21.58273381294964
761;15;098;1426;2;1.402524544179523
762;15;099;3762;30;7.974481658692185
763;15;100;3343;13;3.888722704157942
764;15;101;1878;153;81.46964856230032
765;15;102;732;19;25.956284153005466
766;15;103;936;1;1.0683760683760684
767;15;104;3688;30;8.134490238611713
768;15;105;1170;19;16.23931623931624
769;15;106;3356;189;56.31704410011919
770;15;107;3732;14;3.7513397642015005
771;15;108;3767;70;18.582426333952746
772;15;109;218;136;623.8532110091743
773;15;110;3689;21;5.692599620493358
774;15;111;679;12;17.673048600883654
775;15;112;4471;0;0.0
776;15;113;1418;16;11.283497884344147
777;15;114;3716;15;4.036598493003229
778;15;115;943;72;76.35206786850478
779;15;116;4369;3;0.686655985351339
780;15;117;176;19;107.95454545454545
781;15;118;3344;30;8.971291866028707
782;15;119;856;5;5.841121495327103
783;15;120;1743;7;4.016064257028113
784;15;121;3753;3;0.7993605115907274
785;15;122;113;112;991.1504424778761
786;15;123;816;21;25.735294117647058
787;15;124;99;3;30.303030303030305
788;15;125;4219;20;4.740459824602986
789;16;001;3962;19;4.795557799091368
790;16;002;1301;26;19.984627209838585
791;16;003;528;23;43.56060606060606
792;16;004;1713;9;5.253940455341506
793;16;005;4478;14;3.1263957123715946
794;16;006;3402;27;7.936507936507937
795;16;007;4225;15;3.5502958579881656
796;16;008;4175;17;4.07185628742515
797;16;009;413;16;38.7409200968523
798;16;010;1199;144;120.1000834028357
799;16;011;57;11;192.98245614035088
800;16;012;1634;18;11.015911872705018
801;16;013;4197;29;6.909697402906838
802;16;014;310;80;258.06451612903226
803;16;015;3861;13;3.367003367003367
804;16;016;170;26;152.94117647058823
805;16;017;4070;14;3.43980343980344
806;16;018;1584;200;126.26262626262626
807;16;019;1865;3;1.6085790884718498
808;16;020;321;9;28.037383177570092
809;16;021;3496;9;2.574370709382151
810;16;022;3464;8;2.3094688221709005
811;16;023;617;19;30.79416531604538
812;16;024;3526;7;1.9852524106636416
813;16;025;3674;168;45.7267283614589
814;16;026;572;15;26.223776223776223
815;16;027;3;20;6666.666666666667
816;16;028;4009;20;4.988775255674732
817;16;029;4261;1;0.2346866932644919
818;16;030;389;6;15.424164524421593
819;16;031;1097;197;179.5806745670009
820;16;032;4034;131;32.47397124442241
821;16;033;833;16;19.20768307322929
822;16;034;1417;23;16.231474947071277
823;16;035;1792;3;1.6741071428571428
824;16;036;4494;8;1.7801513128615933
825;16;037;403;24;59.55334987593052
826;16;038;359;26;72.42339832869081
827;16;039;3382;145;42.87403903015967
828;16;040;3890;7;1.7994858611825193
829;16;041;915;12;13.114754098360656
830;16;042;208;0;0.0
831;16;043;573;28;48.86561954624782
832;16;044;4227;11;2.6023184291459662
833;16;045;1048;55;52.48091603053435
834;16;046;3233;18;5.567584287039901
835;16;047;1882;10;5.313496280552604
836;16;048;3462;30;8.665511265164644
837;16;049;1194;22;18.42546063651591
838;16;050;1133;25;22.06531332744925
839;16;051;955;2;2.094240837696335
840;16;052;351;161;458.6894586894587
841;16;053;362;88;243.0939226519337
842;16;054;4106;21;5.114466634193863
843;16;055;3459;126;36.42671292281006
844;16;056;266;0;0.0
845;16;057;3813;19;4.982953055337005
846;16;058;1796;68;37.8619153674833
847;16;059;4396;15;3.4121929026387625
848;16;060;3218;23;7.1472964574269735
849;16;061;3672;20;5.446623093681917
850;16;062;775;18;23.225806451612904
851;16;063;3853;18;4.671684401764859
852;16;064;199;5;25.12562814070352
853;16;065;1793;18;10.03904071388734
854;16;066;3744;5;1.3354700854700854
855;16;067;1704;1;0.5868544600938967
856;16;068;1161;19;16.36520241171404
857;16;069;773;7;9.055627425614489
858;16;070;3692;26;7.042253521126761
859;16;071;4296;21;4.888268156424581
860;16;072;1924;22;11.434511434511435
861;16;073;1399;6;4.288777698355968
862;16;074;730;44;60.273972602739725
863;16;075;3758;151;40.180947312400214
864;16;076;170;19;111.76470588235294
865;16;077;1169;11;9.409751924721984
866;16;078;1642;102;62.119366626065776
867;16;079;1954;15;7.6765609007164795
868;16;080;106;31;292.45283018867923
869;16;081;430;11;25.58139534883721
870;16;082;894;0;0.0
871;16;083;302;9;29.801324503311257
872;16;084;1160;3;2.586206896551724
873;16;085;153;25;163.3986928104575
874;16;086;1377;68;49.382716049382715
875;16;087;750;30;40.0
876;16;088;1859;22;11.834319526627219
877;16;089;818;7;8.557457212713937
878;16;090;203;9;44.33497536945813
879;16;091;3753;2;0.5329070077271516
880;16;092;480;30;62.5
881;16;093;1985;1;0.5037783375314862
882;16;094;3512;12;3.416856492027335
883;16;095;1731;6;3.466204506065858
884;16;096;3822;29;7.587650444793302
885;16;097;4404;15;3.4059945504087192
886;16;098;1081;12;11.100832562442184
887;16;099;550;3;5.454545454545454
888;16;100;290;19;65.51724137931035
889;16;101;763;133;174.3119266055046
890;16;102;3423;3;0.8764241893076249
891;16;103;3919;22;5.6136769584077575
892;16;104;3330;13;3.903903903903904
893;16;105;836;1;1.1961722488038278
894;16;106;1702;43;25.264394829612222
895;16;107;4362;1;0.22925263640531865
896;16;108;1755;24;13.675213675213675
897;16;109;230;16;69.56521739130434
898;16;110;186;29;155.91397849462365
899;16;111;597;29;48.57621440536013
900;16;112;76;8;105.26315789473684
901;16;113;915;2;2.185792349726776
902;17;001;724;7;9.668508287292818
903;17;002;668;9;13.47305389221557
904;17;003;285;3;10.526315789473685
905;17;004;403;18;44.66501240694789
906;17;005;1254;25;19.936204146730464
907;17;006;1588;21;13.224181360201511
908;17;007;1721;13;7.553747821034283
909;17;008;1124;11;9.786476868327401
910;17;009;1531;11;7.184846505551927
911;17;010;940;24;25.53191489361702
912;17;011;557;8;14.362657091561939
913;17;012;488;8;16.39344262295082
914;17;013;219;13;59.36073059360731
915;17;014;3519;12;3.4100596760443307
916;17;015;1486;30;20.188425302826378
917;17;016;1150;15;13.043478260869565
918;17;017;403;166;411.9106699751861
919;17;018;735;22;29.931972789115648
920;17;019;1061;60;56.550424128180964
921;17;020;1689;27;15.985790408525755
922;17;021;381;33;86.61417322834646
923;17;022;4435;1;0.2254791431792559
924;17;023;4373;13;2.972787560027441
925;17;024;3563;14;3.9292730844793713
926;17;025;1879;23;12.240553485896754
927;17;026;1275;28;21.96078431372549
928;17;027;3768;21;5.573248407643312
929;17;028;714;4;5.602240896358543
930;17;029;315;56;177.77777777777777
931;17;030;155;28;180.6451612903226
932;17;031;58;9;155.17241379310346
933;17;032;707;9;12.72984441301273
934;17;033;3919;18;4.593008420515438
935;17;034;1809;1;0.552791597567717
936;17;035;4185;26;6.212664277180406
937;17;036;1601;8;4.996876951905059
938;18;001;1928;11;5.7053941908713695
939;18;002;834;12;14.388489208633093
940;18;003;626;4;6.389776357827476
941;18;004;87;21;241.3793103448276
942;18;005;601;18;29.95008319467554
943;18;006;96;18;187.5
944;18;007;3351;25;7.460459564309161
945;18;008;702;142;202.27920227920228
946;18;009;3830;3;0.783289817232376
947;18;010;1086;12;11.049723756906078
948;18;011;3858;5;1.2960082944530844
949;18;012;1254;6;4.784688995215311
950;18;013;865;0;0.0
951;18;014;729;9;12.345679012345679
952;18;015;349;30;85.95988538681948
953;18;016;359;10;27.855153203342617
954;18;017;1156;169;146.19377162629758
955;18;018;3911;28;7.15929429813347
956;18;019;3559;175;49.17111548187693
957;18;020;961;153;159.2091571279917
958;19;001;4117;24;5.829487490891426
959;19;002;4482;2;0.4462293618920125
960;19;003;4386;12;2.735978112175103
961;19;004;434;25;57.6036866359447
962;19;005;203;21;103.44827586206897
963;19;006;175;12;68.57142857142857
964;19;007;390;8;20.512820512820515
965;19;008;451;20;44.34589800443459
966;19;009;157;27;171.97452229299364
967;19;010;1414;0;0.0
968;19;011;476;10;21.008403361344538
969;19;012;1345;28;20.817843866171003
970;19;013;1844;14;7.592190889370933
971;19;014;7;27;3857.1428571428573
972;19;015;1389;25;17.998560115190784
973;19;016;3672;17;4.62962962962963
974;19;017;1119;3;2.680965147453083
975;19;018;1875;58;30.933333333333334
976;19;019;1346;20;14.85884101040119
977;19;020;1794;17;9.47603121516165
978;19;021;4300;19;4.4186046511627906
979;19;022;204;22;107.84313725490196
980;19;023;638;10;15.67398119122257
981;19;024;913;80;87.62322015334064
982;19;025;1283;41;31.95635229929852
983;19;026;1322;27;20.423600605143722
984;19;027;1300;12;9.23076923076923
985;19;028;1293;8;6.187161639597835
986;19;029;4252;26;6.114769520225776
987;19;030;293;30;102.38907849829351
988;19;031;1722;25;14.518002322880372
989;19;032;4322;28;6.478482184173994
990;19;033;1976;32;16.194331983805668
991;19;034;499;6;12.024048096192384
992;19;035;1403;22;15.680684248039915
993;19;036;1237;21;16.976556184316895
994;19;037;1454;15;10.31636863823934
995;19;038;1963;26;13.245033112582782
996;19;039;3481;24;6.894570525711003
997;19;040;746;13;17.42627345844504
998;19;041;394;5;12.690355329949238
999;19;042;3447;23;6.672468813460981
1000;19;043;1858;23;12.378902045209903
1001;19;044;1255;7;5.577689243027889
1002;19;045;300;70;233.33333333333334
1003;19;046;844;8;9.47867298578199
1004;19;047;351;27;76.92307692307692
1005;19;048;1210;17;14.049586776859504
1006;19;049;1643;1;0.6086427267194157
1007;19;050;102;1;9.803921568627452
1008;19;051;4423;20;4.521817770743839
1009;20;001;1381;8;5.792903692976104
1010;20;002;3676;88;23.93906420021763
1011;20;003;3462;151;43.616406701328714
1012;20;004;1913;6;3.1364349189754313
1013;20;005;3484;11;3.1572904707233067
1014;20;006;3212;20;6.226650062266501
1015;20;007;385;18;46.753246753246756
1016;20;008;1923;23;11.960478419136766
1017;20;009;3734;19;5.088377075522228
1018;20;010;789;29;36.755386565272495
1019;20;011;744;29;38.97849462365591
1020;20;012;1094;26;23.76599634369287
1021;20;013;4400;6;1.3636363636363635
1022;20;014;3801;11;2.8939752696658774
1023;20;015;770;12;15.584415584415584
1024;20;016;903;7;7.751937984496124
1025;20;017;4398;13;2.9558890404729423
1026;20;018;3910;3;0.7672634271099744
1027;20;019;4458;7;1.570210856886496
1028;20;020;1873;21;11.211959423384943
1029;20;021;80;24;300.0
1030;20;022;1874;17;9.071504802561366
1031;20;023;456;5;10.964912280701755
1032;20;024;1353;30;22.172949002217294
1033;20;025;3768;1;0.2653927813163482
1034;20;026;1964;99;50.40733197556008
1035;20;027;329;9;27.35562310030395
1036;20;028;654;169;258.4097859327217
1037;20;029;3521;30;8.520306731042318
1038;20;030;4459;66;14.801525005606639
1039;20;031;887;21;23.675310033821873
1040;20;032;406;12;29.55665024630542
1041;20;033;4023;2;0.49714143673875216
1042;20;034;1469;22;14.976174268209666
1043;20;035;3771;20;5.303632988597189
1044;20;036;4088;24;5.870841487279844
1045;20;037;1805;16;8.86426592797784
1046;20;038;3333;6;1.8001800180018002
1047;20;039;3274;30;9.16310323762981
1048;20;040;4216;15;3.5578747628083494
1049;20;041;4280;143;33.41121495327103
1050;20;042;37;22;594.5945945945946
1051;20;043;1766;28;15.855039637599093
1052;20;044;1003;1;0.9970089730807578
1053;20;045;4341;19;4.3768716885510255
1054;20;046;847;20;23.612750885478157
1055;20;047;298;13;43.624161073825505
1056;20;048;10;106;10600.0
1057;20;049;3799;25;6.580679126085812
1058;20;050;1293;191;147.7184841453983
1059;20;051;1046;128;122.37093690248565
1060;20;052;4099;23;5.61112466455233
1061;20;053;894;3;3.3557046979865772
1062;20;054;4334;16;3.691739732348869
1063;20;055;3316;16;4.8250904704463204
1064;20;056;155;26;167.74193548387098
1065;20;057;1803;30;16.638935108153078
1066;20;058;1699;19;11.183048852266039
1067;20;059;4124;0;0.0
1068;20;060;414;4;9.66183574879227
1069;20;061;497;62;124.74849094567405
1070;20;062;3555;74;20.81575246132208
1071;20;063;1183;19;16.06086221470837
1072;20;064;1622;0;0.0
1073;20;065;1425;23;16.140350877192983
1074;20;066;1118;3;2.6833631484794274
1075;20;067;4455;24;5.3872053872053876
1076;20;068;913;0;0.0
1077;20;069;429;146;340.3263403263403
1078;20;070;190;0;0.0
1079;20;071;3548;3;0.8455467869222097
1080;20;072;1632;3;1.838235294117647
1081;20;073;3222;129;40.03724394785847
1082;20;074;1199;27;22.51876563803169
1083;20;075;1861;9;4.836109618484685
1084;20;076;1449;87;60.041407867494826
1085;20;077;1526;177;115.98951507208388
1086;20;078;1456;19;13.04945054945055
1087;20;079;4126;16;3.877847794474067
1088;20;080;754;30;39.787798408488065
1089;20;081;239;91;380.7531380753138
1090;20;082;4163;58;13.932260389142446
1091;20;083;643;81;125.97200622083982
1092;20;084;1943;5;2.573340195573855
1093;20;085;680;18;26.470588235294116
1094;20;086;1195;2;1.6736401673640167
1095;20;087;282;23;81.56028368794327
1096;20;088;4159;26;6.2515027650877615
1097;20;089;359;24;66.85236768802228
1098;20;090;3647;11;3.016177680285166
1099;20;091;1873;14;7.474639615589963
1100;20;092;4015;9;2.2415940224159403
1101;20;093;773;2;2.5873221216041395
1102;20;094;477;55;115.30398322851153
1103;20;095;1787;16;8.953553441522104
1104;20;096;34;27;794.1176470588235
1105;20;097;567;184;324.5149911816579
1106;20;098;4156;11;2.6467757459095282
1107;20;099;545;8;14.678899082568808
1108;20;100;1853;7;3.777657852131678
1109;20;101;108;104;962.9629629629629
1110;20;102;1981;197;99.444724886421
1111;20;103;3306;8;2.4198427102238353
1112;20;104;738;165;223.5772357723577
1113;20;105;4379;143;32.65585750171272
1114;20;106;3928;14;3.564154786150713
1115;20;107;1382;37;26.772793053545588
1116;20;108;9;2;222.22222222222223
1117;20;109;532;2;3.7593984962406015
1118;20;110;1243;19;15.285599356395817
1119;20;111;4460;2;0.4484304932735426
1120;20;112;1278;23;17.996870109546165
1121;20;113;3466;5;1.4425851125216387
1122;20;114;1231;17;13.809910641754671
1123;20;115;139;15;107.9136690647482
1124;20;116;1509;7;4.638833664678595
1125;20;117;4065;2;0.4920049200492005
1126;20;118;3761;19;5.051847912789152
1127;20;119;458;6;13.100436681222707
1128;20;120;1219;178;146.02132895816243
1129;20;121;1759;14;7.959067652075043
1130;20;122;4148;24;5.785920925747348
1131;20;123;939;145;154.419595314164
1132;20;124;1077;18;16.71309192200557
1133;20;125;1943;11;5.661348430262481
1134;20;126;3801;7;1.8416206261510129
1135;20;127;228;7;30.70175438596491
1136;20;128;1814;17;9.371554575523705
1137;20;129;186;8;43.01075268817204
1138;20;130;4082;2;0.4899559039686428
1139;20;131;4058;21;5.1749630359783145
1140;20;132;797;179;224.59222082810538
1141;20;133;318;15;47.16981132075472
1142;20;134;1125;96;85.33333333333333
1143;20;135;159;132;830.188679245283
1144;20;136;843;9;10.676156583629894
1145;20;137;1798;25;13.904338153503893
1146;20;138;1996;12;6.012024048096192
1147;20;139;3977;19;4.777470455116922
1148;20;140;4253;27;6.348459910651305
1149;20;141;4113;28;6.807682956479455
1150;20;142;735;12;16.3265306122449
1151;20;143;317;0;0.0
1152;20;144;4007;27;6.738208135762416
1153;20;145;312;30;96.15384615384616
1154;20;146;1995;20;10.025062656641603
1155;20;147;578;13;22.491349480968857
1156;20;148;3622;22;6.073992269464385
1157;20;149;3962;6;1.5143866733972742
1158;20;150;113;2;17.699115044247787
1159;20;151;778;156;200.51413881748073
1160;20;152;1544;9;5.829015544041451
1161;20;153;4045;4;0.9888751545117429
1162;20;154;1883;2;1.0621348911311737
1163;20;155;405;25;61.72839506172839
1164;20;156;517;134;259.18762088974853
1165;20;157;297;25;84.17508417508418
1166;20;158;1935;2;1.0335917312661498
1167;20;159;959;3;3.1282586027111576
1168;20;160;916;0;0.0
1169;20;161;396;4;10.1010101010101
1170;20;162;1563;18;11.516314779270633
1171;20;163;3494;3;0.8586147681740126
1172;20;164;1555;0;0.0
1173;20;165;1377;17;12.345679012345679
1174;20;166;4471;2;0.44732721986132856
1175;20;167;352;30;85.22727272727273
1176;20;168;3401;15;4.410467509556013
1177;20;169;585;14;23.931623931623932
1178;20;170;695;11;15.827338129496402
1179;20;171;4369;8;1.8310826276035705
1180;20;172;825;12;14.545454545454545
1181;20;173;1623;10;6.161429451632779
1182;20;174;4490;4;0.89086859688196
1183;20;175;1364;127;93.10850439882698
1184;20;176;3444;3;0.8710801393728222
1185;20;177;4424;10;2.2603978300180834
1186;20;178;418;29;69.377990430622
1187;20;179;1055;11;10.42654028436019
1188;20;180;4284;20;4.6685340802987865
1189;20;181;1704;29;17.018779342723004
1190;20;182;1631;1;0.6131207847946045
1191;20;183;1273;179;140.6127258444619
1192;20;184;1325;17;12.830188679245284
1193;20;185;3864;25;6.469979296066253
1194;20;186;726;123;169.4214876033058
1195;20;187;1132;5;4.41696113074205
1196;20;188;3751;25;6.664889362836577
1197;20;189;4032;24;5.9523809523809526
1198;20;190;29;114;3931.0344827586205
1199;20;191;611;24;39.27986906710311
1200;20;192;1970;151;76.6497461928934
1201;20;193;4042;4;0.9896091044037605
1202;20;194;4403;133;30.206677265500794
1203;20;195;4223;27;6.3935590812218805
1204;20;196;791;24;30.34134007585335
1205;20;197;1092;91;83.33333333333333
1206;20;198;1421;21;14.77832512315271
1207;20;199;4438;160;36.05227579990987
1208;20;200;722;8;11.0803324099723
1209;20;201;707;1;1.4144271570014144
1210;20;202;1604;8;4.987531172069826
1211;20;203;3362;5;1.48720999405116
1212;20;204;1761;19;10.789324247586599
1213;20;205;19;19;1000.0
1214;20;206;4136;4;0.9671179883945842
1215;20;207;3887;31;7.975302289683561
1216;20;208;3913;6;1.533350370559673
1217;20;209;4102;197;48.025353486104336
1218;20;210;719;26;36.16133518776078
1219;20;211;4473;199;44.489157165213506
1220;20;212;1468;4;2.7247956403269753
1221;20;213;490;25;51.02040816326531
1222;20;214;3833;12;3.1307070180015653
1223;20;215;3934;7;1.7793594306049823
1224;20;216;1821;8;4.393190554640308
1225;20;217;1756;161;91.68564920273349
1226;20;218;826;29;35.1089588377724
1227;20;219;3594;2;0.5564830272676683
1228;20;220;3670;16;4.359673024523161
1229;20;221;310;0;0.0
1230;20;222;1553;28;18.0296200901481
1231;20;223;1383;8;5.784526391901663
1232;20;224;1651;12;7.26832222895215
1233;20;225;580;191;329.3103448275862
1234;20;226;1137;157;138.08267370272648
1235;20;227;520;1;1.9230769230769231
1236;20;228;4195;0;0.0
1237;20;229;3921;14;3.570517725070135
1238;20;230;616;28;45.45454545454545
1239;20;231;1100;7;6.363636363636363
1240;20;232;922;24;26.030368763557483
1241;20;233;313;5;15.97444089456869
1242;20;234;1786;21;11.758118701007838
1243;20;235;1127;23;20.408163265306122
1244;20;236;1681;147;87.4479476502082
1245;20;237;544;37;68.01470588235294
1246;20;238;1569;28;17.845761631612493
1247;20;239;68;28;411.7647058823529
1248;20;240;3652;19;5.2026286966046005
1249;20;241;3411;25;7.32922896511287
1250;20;242;770;28;36.36363636363637
1251;20;243;1005;10;9.950248756218905
1252;20;244;3347;16;4.780400358530027
1253;20;245;336;144;428.57142857142856
1254;20;246;4375;13;2.9714285714285715
1255;20;247;1613;17;10.539367637941723
1256;20;248;1268;149;117.50788643533123
1257;20;249;3383;6;1.7735737511084837
1258;20;250;3264;14;4.28921568627451
1259;20;251;48;7;145.83333333333334
1260;20;252;923;118;127.84398699891658
1261;20;253;1393;18;12.921751615218952
1262;20;254;723;36;49.79253112033195
1263;20;255;449;14;31.180400890868597
1264;20;256;1671;37;22.142429682824655
1265;20;257;981;21;21.406727828746178
1266;20;258;4363;18;4.12560165024066
1267;20;259;1537;142;92.38776837996096
1268;20;260;1468;92;62.67029972752044
1269;20;261;630;101;160.31746031746033
1270;20;262;3915;20;5.108556832694764
1271;20;263;679;22;32.40058910162003
1272;20;264;4119;2;0.48555474629764506
1273;20;265;1754;189;107.75370581527936
1274;20;266;264;29;109.84848484848484
1275;20;267;645;22;34.10852713178294
1276;20;268;4493;16;3.5610950367237924
1277;20;269;4493;9;2.0031159581571334
1278;20;270;1013;23;22.704837117472852
1279;20;271;435;22;50.57471264367816
1280;20;272;774;133;171.83462532299743
1281;20;273;4404;10;2.270663033605813
1282;20;274;671;22;32.78688524590164
1283;20;275;3237;126;38.92493049119555
1284;20;276;3598;76;21.12284602556976
1285;20;277;674;21;31.15727002967359
1286;20;278;454;5;11.013215859030836
1287;20;279;670;22;32.83582089552239
1288;20;280;405;28;69.1358024691358
1289;20;281;922;123;133.4056399132321
1290;20;282;103;8;77.66990291262135
1291;20;283;4269;11;2.576715858514875
1292;20;284;3998;30;7.503751875937969
1293;20;285;1111;5;4.5004500450045
1294;20;286;127;3;23.62204724409449
1295;20;287;1203;1;0.8312551953449709
1296;20;288;325;23;70.76923076923077
1297;20;289;1276;9;7.053291536050157
1298;20;290;464;0;0.0
1299;20;291;4287;7;1.6328434802892466
1300;20;292;918;14;15.250544662309368
1301;20;293;390;10;25.641025641025642
1302;20;294;1597;9;5.635566687539136
1303;20;295;1900;29;15.263157894736842
1304;20;296;822;7;8.51581508515815
1305;20;297;1072;26;24.253731343283583
1306;20;298;1494;5;3.3467202141900936
1307;20;299;1361;16;11.756061719324027
1308;20;300;1102;13;11.796733212341199
1309;20;301;1398;70;50.07153075822604
1310;20;302;3871;23;5.94161715319039
1311;20;303;443;4;9.029345372460497
1312;20;304;1901;22;11.572856391372962
1313;20;305;3827;55;14.371570420695061
1314;20;306;422;19;45.023696682464454
1315;20;307;418;17;40.66985645933014
1316;20;308;1095;24;21.91780821917808
1317;20;309;3331;140;42.02942059441609
1318;20;310;1438;88;61.19610570236439
1319;20;311;3415;16;4.685212298682284
1320;20;312;3455;8;2.3154848046309695
1321;20;313;236;30;127.11864406779661
1322;20;314;4478;29;6.476105404198303
1323;20;315;3790;2;0.5277044854881267
1324;20;316;1208;3;2.4834437086092715
1325;20;317;717;20;27.89400278940028
1326;20;318;601;10;16.638935108153078
1327;20;319;4120;12;2.912621359223301
1328;20;320;3296;18;5.461165048543689
1329;20;321;1246;24;19.261637239165328
1330;20;322;1715;186;108.45481049562682
1331;20;323;3372;2;0.5931198102016607
1332;20;324;640;29;45.3125
1333;20;325;165;27;163.63636363636363
1334;20;326;981;29;29.561671763506627
1335;20;327;3959;19;4.799191715079566
1336;20;328;2000;193;96.5
1337;20;329;4266;25;5.860290670417252
1338;20;330;1230;45;36.58536585365854
1339;20;331;1222;13;10.638297872340425
1340;20;332;795;29;36.477987421383645
1341;20;333;332;7;21.08433734939759
1342;20;334;1247;3;2.405773857257418
1343;20;335;3945;12;3.041825095057034
1344;20;336;1323;22;16.628873771730916
1345;20;337;4351;39;8.963456676626063
1346;20;338;1408;1;0.7102272727272727
1347;20;339;3263;18;5.516395954642967
1348;20;340;333;3;9.00900900900901
1349;20;341;4058;6;1.4785608674223756
1350;20;342;646;48;74.30340557275542
1351;20;343;3389;16;4.72115668338743
1352;20;344;97;6;61.855670103092784
1353;20;345;1203;81;67.33167082294264
1354;20;346;92;16;173.91304347826087
1355;20;347;352;67;190.3409090909091
1356;20;348;914;0;0.0
1357;20;349;865;16;18.497109826589597
1358;20;350;2;3;1500.0
1359;20;351;724;15;20.718232044198896
1360;20;352;1150;6;5.217391304347826
1361;20;353;4166;53;12.72203552568411
1362;20;354;1737;3;1.7271157167530224
1363;20;355;542;15;27.675276752767527
1364;20;356;4085;30;7.343941248470013
1365;20;357;303;18;59.40594059405941
1366;20;358;1519;3;1.9749835418038184
1367;20;359;1959;29;14.803471158754467
1368;20;360;1447;20;13.8217000691085
1369;20;361;499;19;38.07615230460922
1370;20;362;1551;6;3.8684719535783367
1371;20;363;1767;2;1.1318619128466327
1372;20;364;528;8;15.151515151515152
1373;20;365;112;18;160.71428571428572
1374;20;366;1575;25;15.873015873015873
1375;20;367;559;5;8.94454382826476
1376;20;368;1102;19;17.24137931034483
1377;20;369;3578;29;8.10508664058133
1378;20;370;599;25;41.736227045075125
1379;20;371;1419;24;16.913319238900634
1380;20;372;473;14;29.59830866807611
1381;20;373;4455;10;2.244668911335578
1382;20;374;3822;28;7.326007326007326
1383;20;375;3410;2;0.5865102639296188
1384;20;376;4356;8;1.8365472910927456
1385;20;377;1109;30;27.051397655545536
1386;20;378;1641;13;7.921998781230957
1387;20;379;16;7;437.5
1388;20;380;1802;122;67.70255271920088
1389;20;381;3966;44;11.094301563287948
1390;20;382;1394;13;9.32568149210904
1391;20;383;1867;18;9.6411355115158
1392;20;384;4343;9;2.072300253281142
1393;20;385;1091;19;17.415215398716775
1394;20;386;546;4;7.326007326007326
1395;20;387;1700;28;16.470588235294116
1396;20;388;1366;186;136.16398243045387
1397;20;389;63;10;158.73015873015873
1398;20;390;3959;26;6.567314978529931
1399;20;391;1435;1;0.6968641114982579
1400;20;392;1571;21;13.367281985996181
1401;20;393;531;20;37.664783427495294
1402;20;394;574;19;33.10104529616725
1403;20;395;4086;29;7.0974057758198725
1404;20;396;1913;21;10.977522216414009
1405;20;397;4210;0;0.0
1406;20;398;4301;8;1.860032550569635
1407;20;399;3696;9;2.435064935064935
1408;20;400;3390;14;4.129793510324483
1409;20;401;1321;15;11.355034065102195
1410;20;402;1653;12;7.259528130671506
1411;20;403;4278;62;14.492753623188406
1412;20;404;1111;24;21.602160216021602
1413;20;405;1458;18;12.345679012345679
1414;20;406;1380;135;97.82608695652173
1415;20;407;1848;28;15.151515151515152
1416;20;408;3904;7;1.7930327868852458
1417;20;409;1247;10;8.019246190858059
1418;20;410;989;8;8.088978766430738
1419;20;411;1630;5;3.067484662576687
1420;20;412;1942;16;8.2389289392379
1421;20;413;609;12;19.704433497536947
1422;20;414;1947;23;11.813045711350796
1423;20;415;1146;1;0.8726003490401396
1424;20;416;518;25;48.262548262548265
1425;20;417;611;21;34.36988543371522
1426;20;418;3444;47;13.646922183507549
1427;20;419;4381;39;8.90207715133531
1428;20;420;763;4;5.242463958060289
1429;20;421;1160;11;9.482758620689655
1430;20;422;1775;16;9.014084507042254
1431;20;423;274;10;36.496350364963504
1432;20;424;1341;16;11.931394481730052
1433;20;425;1402;97;69.18687589158345
1434;20;426;844;123;145.7345971563981
1435;20;427;1008;11;10.912698412698413
1436;20;428;1279;96;75.05863956215794
1437;20;429;1434;188;131.1018131101813
1438;20;430;4368;23;5.2655677655677655
1439;20;431;1317;20;15.186028853454822
1440;20;432;1335;159;119.10112359550561
1441;20;433;1871;0;0.0
1442;20;434;704;11;15.625
1443;20;435;744;6;8.064516129032258
1444;20;436;824;47;57.03883495145631
1445;20;437;506;70;138.3399209486166
1446;20;438;889;1;1.124859392575928
1447;20;439;1784;29;16.255605381165918
1448;20;440;711;8;11.251758087201125
1449;20;441;3352;13;3.8782816229116945
1450;20;442;1503;12;7.984031936127744
1451;20;443;3233;25;7.7327559542220845
1452;20;444;300;12;40.0
1453;20;445;4086;16;3.9158100832109644
1454;20;446;3528;28;7.936507936507937
1455;20;447;379;0;0.0
1456;20;448;3479;18;5.173900546133947
1457;20;449;1755;7;3.988603988603989
1458;20;450;3311;12;3.624282694050136
1459;20;451;1025;25;24.390243902439025
1460;20;452;1659;4;2.4110910186859553
1461;20;453;1923;26;13.520540821632865
1462;20;454;787;11;13.97712833545108
1463;20;455;1902;8;4.206098843322818
1464;20;456;3774;10;2.649708532061473
1465;20;457;1630;86;52.760736196319016
1466;20;458;3994;19;4.757135703555333
1467;20;459;1263;15;11.876484560570072
1468;20;460;1121;2;1.784121320249777
1469;20;461;1383;30;21.691973969631235
1470;20;462;1657;18;10.863005431502716
1471;20;463;3510;22;6.267806267806268
1472;20;464;1357;1;0.7369196757553427
1473;20;465;4303;24;5.577504066930048
1474;20;466;481;26;54.054054054054056
1475;20;467;1353;9;6.651884700665189
1476;20;468;1831;6;3.2768978700163847
1477;20;469;3908;16;4.094165813715455
1478;20;470;1651;27;16.353725015142338
1479;20;471;1147;20;17.436791630340018
1480;20;472;590;9;15.254237288135593
1481;20;473;1274;0;0.0
1482;20;474;1436;13;9.052924791086351
1483;20;475;1547;11;7.110536522301228
1484;20;476;1292;15;11.609907120743035
1485;20;477;3433;12;3.495484998543548
1486;20;478;299;8;26.755852842809364
1487;20;479;4061;170;41.861610440778136
1488;20;480;965;7;7.253886010362694
1489;20;481;5;8;1600.0
1490;20;482;1965;123;62.595419847328245
1491;20;483;4297;173;40.26064696299744
1492;20;484;3238;73;22.544780728844966
1493;20;485;411;160;389.29440389294405
1494;20;486;1248;17;13.621794871794872
1495;20;487;1868;192;102.78372591006423
1496;20;488;751;6;7.989347536617843
1497;20;489;1590;24;15.09433962264151
1498;20;490;1072;8;7.462686567164179
1499;20;491;1255;3;2.3904382470119523
1500;20;492;4269;91;21.316467556804874
1501;20;493;3923;0;0.0
1502;20;494;271;9;33.210332103321036
1503;20;495;108;19;175.92592592592592
1504;20;496;1985;19;9.571788413098236
1505;20;497;946;4;4.2283298097251585
1506;20;498;3767;19;5.04380143350146
1507;20;499;684;25;36.54970760233918
1508;20;500;1480;18;12.162162162162161
1509;20;501;424;27;63.679245283018865
1510;20;502;3656;28;7.658643326039387
1511;20;503;99;16;161.6161616161616
1512;20;504;616;16;25.974025974025974
1513;20;505;4435;29;6.538895152198422
1514;20;506;4204;20;4.757373929590866
1515;20;507;271;25;92.25092250922509
1516;20;508;1305;3;2.2988505747126435
1517;20;509;579;93;160.6217616580311
1518;20;510;883;27;30.57757644394111
1519;20;511;3577;18;5.032149846239866
1520;20;512;425;183;430.5882352941176
1521;20;513;1216;113;92.92763157894737
1522;20;514;303;6;19.801980198019802
1523;20;515;4383;16;3.650467716176135
1524;20;516;1562;175;112.0358514724712
1525;20;517;187;5;26.737967914438503
1526;20;518;3797;26;6.847511193047143
1527;20;519;4245;23;5.418138987043581
1528;20;520;1628;70;42.997542997543
1529;20;521;589;8;13.582342954159593
1530;20;522;1558;173;111.0397946084724
1531;20;523;4036;21;5.203171456888008
1532;20;524;4168;12;2.8790786948176583
1533;20;525;869;23;26.467203682393556
1534;20;526;62;5;80.64516129032258
1535;20;527;788;24;30.456852791878173
1536;20;528;1733;28;16.156953260242354
1537;20;529;3391;73;21.527572987319374
1538;20;530;1135;3;2.643171806167401
1539;20;531;3616;48;13.274336283185841
1540;20;532;3356;12;3.575685339690107
1541;20;533;581;7;12.048192771084338
1542;20;534;3606;5;1.3865779256794233
1543;20;535;769;28;36.4109232769831
1544;20;536;3702;12;3.2414910858995136
1545;20;537;1422;97;68.21378340365682
1546;20;538;864;1;1.1574074074074074
1547;20;539;3305;22;6.656580937972769
1548;20;540;3555;6;1.6877637130801688
1549;20;541;519;158;304.4315992292871
1550;20;542;1713;21;12.259194395796847
1551;20;543;276;18;65.21739130434783
1552;20;544;1515;163;107.59075907590758
1553;20;545;702;5;7.122507122507122
1554;20;546;1138;21;18.45342706502636
1555;20;547;477;1;2.0964360587002098
1556;20;548;1107;3;2.710027100271003
1557;20;549;3471;25;7.202535292422933
1558;20;550;139;28;201.4388489208633
1559;20;551;1895;6;3.1662269129287597
1560;20;552;3875;11;2.838709677419355
1561;20;553;1762;166;94.211123723042
1562;20;554;1129;26;23.029229406554474
1563;20;555;4010;22;5.486284289276808
1564;20;556;191;2;10.471204188481675
1565;20;557;1894;5;2.6399155227032733
1566;20;558;3917;4;1.0211896859841716
1567;20;559;930;3;3.225806451612903
1568;20;560;1100;1;0.9090909090909091
1569;20;561;1313;1;0.7616146230007617
1570;20;562;759;3;3.952569169960474
1571;20;563;1261;137;108.64393338620143
1572;20;564;174;135;775.8620689655172
1573;20;565;4212;30;7.122507122507122
1574;20;566;179;10;55.865921787709496
1575;20;567;818;156;190.70904645476773
1576;20;568;3564;78;21.885521885521886
1577;20;569;4348;173;39.788408463661455
1578;20;570;827;12;14.510278113663846
1579;21;001;4448;9;2.023381294964029
1580;21;002;3897;28;7.18501411342058
1581;21;003;85;52;611.7647058823529
1582;21;004;573;13;22.68760907504363
1583;21;005;3809;3;0.7876082961407194
1584;21;006;1800;157;87.22222222222223
1585;21;007;564;48;85.1063829787234
1586;21;008;923;183;198.26652221018418
1587;21;009;3575;5;1.3986013986013985
1588;21;010;1936;15;7.74793388429752
1589;21;011;3287;7;2.129601460298144
1590;21;012;3878;25;6.446621970087674
1591;21;013;1417;30;21.171489061397317
1592;21;014;3411;19;5.570214013485781
1593;21;015;3930;29;7.379134860050891
1594;21;016;1510;5;3.3112582781456954
1595;21;017;1066;7;6.566604127579738
1596;21;018;1298;27;20.801232665639446
1597;21;019;687;10;14.55604075691412
1598;21;020;469;20;42.643923240938165
1599;21;021;1266;30;23.696682464454977
1600;21;022;1740;20;11.494252873563218
1601;21;023;97;143;1474.2268041237114
1602;21;024;361;15;41.551246537396125
1603;21;025;3487;198;56.782334384858046
1604;21;026;4183;9;2.151565861821659
1605;21;027;3684;180;48.85993485342019
1606;21;028;4330;76;17.551963048498845
1607;21;029;4125;27;6.545454545454546
1608;21;030;1933;17;8.794619762027937
1609;21;031;387;36;93.02325581395348
1610;21;032;228;23;100.87719298245614
1611;21;033;1701;1;0.5878894767783657
1612;21;034;1659;27;16.2748643761302
1613;21;035;646;24;37.15170278637771
1614;21;036;8;24;3000.0
1615;21;037;4050;15;3.7037037037037037
1616;21;038;3833;12;3.1307070180015653
1617;21;039;414;19;45.893719806763286
1618;21;040;615;24;39.02439024390244
1619;21;041;82;12;146.34146341463415
1620;21;042;1156;6;5.190311418685121
1621;21;043;46;0;0.0
1622;21;044;893;25;27.99552071668533
1623;21;045;4080;89;21.813725490196077
1624;21;046;986;13;13.184584178498985
1625;21;047;497;4;8.048289738430583
1626;21;048;1595;8;5.015673981191223
1627;21;049;574;137;238.67595818815332
1628;21;050;1314;9;6.8493150684931505
1629;21;051;288;2;6.944444444444445
1630;21;052;3351;15;4.476275738585497
1631;21;053;3589;13;3.6221788799108388
1632;21;054;4407;30;6.807351940095303
1633;21;055;3489;21;6.0189165950128976
1634;21;056;0;19;inf
1635;21;057;3589;4;1.1145165784341042
1636;21;058;1461;13;8.898015058179329
1637;21;059;1993;8;4.014049172102358
1638;21;060;1943;5;2.573340195573855
1639;21;061;4446;93;20.917678812415655
1640;21;062;1688;10;5.924170616113744
1641;21;063;910;149;163.73626373626374
1642;21;064;4392;3;0.6830601092896175
1643;21;065;3863;3;0.7765984985762361
1644;21;066;1551;96;61.89555125725339
1645;21;067;723;84;116.18257261410788
1646;21;068;1400;24;17.142857142857142
1647;21;069;4287;26;6.064847212502916
1648;21;070;256;48;187.5
1649;21;071;4165;27;6.482593037214886
1650;21;072;4012;13;3.2402791625124627
1651;21;073;1426;29;20.336605890603085
1652;21;074;1005;24;23.880597014925375
1653;21;075;1648;11;6.674757281553398
1654;21;076;1198;84;70.11686143572621
1655;21;077;4330;24;5.542725173210162
1656;21;078;1551;10;6.447453255963894
1657;21;079;4106;12;2.922552362396493
1658;21;080;1450;17;11.724137931034482
1659;21;081;1395;23;16.487455197132615
1660;21;082;385;30;77.92207792207792
1661;21;083;1142;16;14.010507880910684
1662;21;084;3540;19;5.367231638418079
1663;21;085;3349;160;47.775455359808895
1664;21;086;1803;9;4.9916805324459235
1665;21;087;240;114;475.0
1666;21;088;106;0;0.0
1667;21;089;878;10;11.389521640091116
1668;21;090;906;49;54.083885209713024
1669;21;091;3655;6;1.6415868673050615
1670;21;092;4180;16;3.827751196172249
1671;21;093;1605;0;0.0
1672;21;094;555;13;23.423423423423422
1673;21;095;501;25;49.9001996007984
1674;21;096;1599;22;13.758599124452783
1675;21;097;71;30;422.53521126760563
1676;21;098;4156;27;6.496631376323388
1677;21;099;3371;63;18.68881637496292
1678;21;100;551;142;257.7132486388385
1679;21;101;985;2;2.030456852791878
1680;21;102;1005;170;169.15422885572139
1681;21;103;143;1;6.993006993006993
1682;21;104;890;27;30.337078651685392
1683;21;105;752;15;19.9468085106383
1684;21;106;1005;30;29.850746268656717
1685;21;107;1915;2;1.0443864229765014
1686;21;108;1192;107;89.76510067114094
1687;21;109;1069;28;26.19270346117867
1688;21;110;1466;44;30.013642564802183
1689;21;111;918;12;13.071895424836601
1690;21;112;238;12;50.42016806722689
1691;21;113;1809;0;0.0
1692;21;114;3988;8;2.0060180541624875
1693;21;115;1451;7;4.824259131633356
1694;21;116;4393;22;5.007967220578193
1695;21;117;60;13;216.66666666666666
1696;21;118;998;21;21.04208416833667
1697;21;119;4007;24;5.989518342899925
1698;21;120;428;17;39.7196261682243
1699;21;121;3728;7;1.8776824034334765
1700;21;122;3313;29;8.753395713854513
1701;21;123;235;194;825.531914893617
1702;21;124;3241;11;3.3940141931502623
1703;21;125;161;30;186.33540372670808
1704;21;126;937;24;25.6136606189968
1705;21;127;1891;0;0.0
1706;21;128;150;5;33.333333333333336
1707;21;129;188;9;47.87234042553192
1708;21;130;4026;2;0.49677098857426727
1709;21;131;1107;55;49.68383017163505
1710;21;132;3734;146;39.10016068559186
1711;21;133;306;1;3.2679738562091503
1712;21;134;1275;10;7.8431372549019605
1713;21;135;1935;20;10.335917312661499
1714;21;136;3721;194;52.136522440204246
1715;21;137;1856;13;7.004310344827586
1716;21;138;27;26;962.9629629629629
1717;21;139;3408;30;8.80281690140845
1718;21;140;786;8;10.178117048346056
1719;21;141;468;12;25.641025641025642
1720;21;142;96;43;447.9166666666667
1721;21;143;15;46;3066.6666666666665
1722;21;144;1253;23;18.355945730247406
1723;21;145;441;18;40.816326530612244
1724;21;146;361;44;121.88365650969529
1725;21;147;1608;67;41.666666666666664
1726;21;148;3906;0;0.0
1727;21;149;4398;7;1.5916325602546613
1728;21;150;1994;168;84.25275827482447
1729;21;151;968;13;13.429752066115702
1730;21;152;1035;7;6.763285024154589
1731;21;153;1974;20;10.131712259371835
1732;21;154;1703;15;8.807985907222548
1733;21;155;680;12;17.647058823529413
1734;21;156;1392;87;62.5
1735;21;157;3681;19;5.161640858462374
1736;21;158;1653;74;44.767090139140954
1737;21;159;53;13;245.28301886792454
1738;21;160;1875;17;9.066666666666666
1739;21;161;3865;26;6.727037516170763
1740;21;162;4191;8;1.90885230255309
1741;21;163;1086;12;11.049723756906078
1742;21;164;4160;4;0.9615384615384616
1743;21;165;47;17;361.70212765957444
1744;21;166;1554;13;8.365508365508365
1745;21;167;3583;20;5.58191459670667
1746;21;168;256;29;113.28125
1747;21;169;757;26;34.34610303830912
1748;21;170;4277;12;2.805704933364508
1749;21;171;4227;16;3.785190442394133
1750;21;172;237;0;0.0
1751;21;173;514;11;21.40077821011673
1752;21;174;1509;24;15.904572564612327
1753;21;175;1753;11;6.274957216200798
1754;21;176;4356;10;2.295684113865932
1755;21;177;1373;25;18.20830298616169
1756;21;178;1598;23;14.392991239048811
1757;21;179;1485;21;14.141414141414142
1758;21;180;1551;21;13.539651837524177
1759;21;181;653;55;84.22664624808576
1760;21;182;1086;0;0.0
1761;21;183;238;2;8.403361344537815
1762;21;184;799;6;7.509386733416771
1763;21;185;4213;23;5.459292665558984
1764;21;186;206;27;131.06796116504853
1765;21;187;3566;16;4.48681996634885
1766;21;188;1052;130;123.57414448669202
1767;21;189;1008;22;21.825396825396826
1768;21;190;3961;24;6.059075990911386
1769;21;191;1863;24;12.882447665056361
1770;21;192;3276;17;5.1892551892551895
1771;21;193;24;25;1041.6666666666667
1772;21;194;1633;14;8.573178199632578
1773;21;195;448;5;11.160714285714286
1774;21;196;1210;7;5.785123966942149
1775;21;197;909;8;8.800880088008801
1776;21;198;1069;14;13.096351730589335
1777;21;199;146;14;95.89041095890411
1778;21;200;955;166;173.82198952879583
1779;21;201;1491;96;64.38631790744466
1780;21;202;86;110;1279.0697674418604
1781;21;203;1956;159;81.28834355828221
1782;21;204;349;23;65.9025787965616
1783;21;205;1713;93;54.290718038528894
1784;21;206;76;91;1197.3684210526317
1785;21;207;4182;162;38.73744619799139
1786;21;208;3388;24;7.083825265643448
1787;21;209;3943;10;2.53613999492772
1788;21;210;224;0;0.0
1789;21;211;795;8;10.062893081761006
1790;21;212;915;13;14.207650273224044
1791;21;213;382;2;5.2356020942408374
1792;21;214;3558;25;7.026419336706015
1793;21;215;417;16;38.36930455635492
1794;21;216;4496;29;6.450177935943061
1795;21;217;4111;6;1.459498905375821
1796;22;001;1692;19;11.229314420803783
1797;22;002;3660;26;7.103825136612022
1798;22;003;1830;20;10.92896174863388
1799;22;004;907;29;31.97353914002205
1800;22;005;1999;5;2.5012506253126565
1801;22;006;1527;30;19.64636542239686
1802;22;007;970;7;7.216494845360825
1803;22;008;1414;19;13.437057991513438
1804;22;009;4133;18;4.3551899346721505
1805;22;010;1463;29;19.822282980177718
1806;22;011;1751;107;61.10793832095945
1807;22;012;535;30;56.074766355140184
1808;22;013;477;0;0.0
1809;22;014;3810;11;2.8871391076115485
1810;22;015;976;10;10.245901639344263
1811;22;016;553;27;48.824593128390596
1812;22;017;3696;8;2.1645021645021645
1813;22;018;1897;12;6.32577754348972
1814;23;001;3681;5;1.3583265417006247
1815;23;002;554;13;23.465703971119133
1816;23;003;772;18;23.316062176165804
1817;23;004;1290;77;59.689922480620154
1818;23;005;1665;2;1.2012012012012012
1819;23;006;1903;196;102.99527062532843
1820;23;007;1458;154;105.6241426611797
1821;23;008;3535;26;7.355021216407355
1822;23;009;1609;13;8.079552517091361
1823;23;010;1167;23;19.70865467009426
1824;23;011;3416;22;6.4402810304449645
1825;24;001;4452;12;2.6954177897574123
1826;24;002;3685;165;44.776119402985074
1827;24;003;3286;13;3.956177723676202
1828;24;004;576;9;15.625
1829;24;005;1934;10;5.170630816959669
1830;24;006;75;2;26.666666666666668
1831;24;007;987;6;6.079027355623101
1832;24;008;3544;1;0.28216704288939054
1833;24;009;934;8;8.565310492505354
1834;24;010;480;16;33.333333333333336
1835;24;011;10;20;2000.0
1836;24;012;3289;17;5.168744299179082
1837;24;013;63;23;365.07936507936506
1838;24;014;1549;79;51.00064557779213
1839;24;015;20;25;1250.0
1840;24;016;152;19;125.0
1841;24;017;3759;171;45.490822027134875
1842;24;018;858;26;30.303030303030305
1843;24;019;957;22;22.988505747126435
1844;24;020;1646;115;69.86634264884569
1845;24;021;1955;25;12.787723785166241
1846;24;022;1622;22;13.563501849568434
1847;24;023;3507;21;5.9880239520958085
1848;24;024;53;25;471.6981132075472
1849;24;025;989;22;22.24469160768453
1850;24;026;1270;22;17.322834645669293
1851;24;027;4012;24;5.982053838484546
1852;24;028;3529;15;4.250495891187305
1853;24;029;3784;26;6.871035940803383
1854;24;030;4074;0;0.0
1855;24;031;1365;32;23.44322344322344
1856;24;032;3649;14;3.836667580158948
1857;24;033;3732;19;5.091103965702036
1858;24;034;1362;10;7.342143906020558
1859;24;035;838;19;22.673031026252982
1860;24;036;1050;20;19.047619047619047
1861;24;037;854;17;19.90632318501171
1862;24;038;647;0;0.0
1863;24;039;445;53;119.10112359550561
1864;24;040;1593;0;0.0
1865;24;041;3947;19;4.813782619711173
1866;24;042;4366;25;5.726065048098946
1867;24;043;3656;14;3.8293216630196936
1868;24;044;546;8;14.652014652014651
1869;24;045;3732;23;6.162915326902465
1870;24;046;752;30;39.8936170212766
1871;24;047;409;32;78.239608801956
1872;24;048;982;4;4.0733197556008145
1873;24;049;190;27;142.10526315789474
1874;24;050;4105;9;2.192448233861145
1875;24;051;1894;11;5.807814149947202
1876;24;052;3374;14;4.149377593360996
1877;24;053;3423;9;2.629272567922875
1878;24;054;1576;2;1.2690355329949239
1879;24;055;211;29;137.44075829383885
1880;24;056;1947;185;95.01797637390858
1881;24;057;217;30;138.24884792626727
1882;24;058;4039;81;20.054468927952463
1883;25;001;1411;54;38.27072997873848
1884;25;002;1913;21;10.977522216414009
1885;25;003;3768;0;0.0
1886;25;004;464;46;99.13793103448276
1887;25;005;1565;143;91.3738019169329
1888;25;006;4003;4;0.9992505620784412
1889;25;007;1458;4;2.7434842249657065
1890;25;008;3597;136;37.809285515707536
1891;25;009;1345;2;1.486988847583643
1892;25;010;650;20;30.76923076923077
1893;25;011;4283;6;1.4008872285780996
1894;25;012;4129;29;7.023492371034148
1895;25;013;3223;2;0.6205398696866273
1896;25;014;166;11;66.26506024096386
1897;25;015;3353;120;35.78884580972264
1898;25;016;1286;101;78.53810264385692
1899;25;017;482;16;33.19502074688797
1900;25;018;949;27;28.45100105374078
1901;26;001;1916;30;15.657620041753653
1902;26;002;152;9;59.21052631578947
1903;26;003;317;17;53.62776025236593
1904;26;004;4074;24;5.891016200294551
1905;26;005;3700;4;1.0810810810810811
1906;26;006;833;6;7.202881152460985
1907;26;007;1261;5;3.965107057890563
1908;26;008;3849;19;4.936347103143674
1909;26;009;974;1;1.0266940451745379
1910;26;010;877;18;20.524515393386544
1911;26;011;3380;16;4.733727810650888
1912;26;012;50;9;180.0
1913;26;013;4023;19;4.722843649018146
1914;26;014;4263;19;4.456955195871452
1915;26;015;1454;12;8.253094910591471
1916;26;016;4174;82;19.645424053665547
1917;26;017;3515;138;39.26031294452347
1918;26;018;572;22;38.46153846153846
1919;26;019;191;8;41.8848167539267
1920;26;020;349;22;63.03724928366762
1921;26;021;1148;64;55.749128919860624
1922;26;022;1115;4;3.587443946188341
1923;26;023;4188;20;4.775549188156638
1924;26;024;1164;14;12.027491408934708
1925;26;025;494;5;10.121457489878543
1926;26;026;4024;24;5.964214711729622
1927;26;027;990;1;1.0101010101010102
1928;26;028;3899;77;19.748653500897667
1929;26;029;374;10;26.737967914438503
1930;26;030;3925;11;2.8025477707006368
1931;26;031;4293;144;33.542976939203356
1932;26;032;291;64;219.93127147766322
1933;26;033;1251;19;15.18784972022382
1934;26;034;1309;13;9.931245225362872
1935;26;035;1503;22;14.637391882900864
1936;26;036;3769;24;6.367736800212258
1937;26;037;1694;78;46.04486422668241
1938;26;038;3379;25;7.39863865048831
1939;26;039;1507;24;15.925680159256801
1940;26;040;59;1;16.949152542372882
1941;26;041;1098;190;173.04189435336977
1942;26;042;463;103;222.4622030237581
1943;26;043;1769;15;8.479366873940078
1944;26;044;1527;18;11.787819253438114
1945;26;045;1364;26;19.06158357771261
1946;26;046;1205;17;14.107883817427386
1947;26;047;1748;25;14.302059496567505
1948;26;048;303;15;49.504950495049506
1949;26;049;3332;119;35.714285714285715
1950;26;050;3976;156;39.23541247484909
1951;26;051;314;21;66.87898089171975
1952;26;052;1355;28;20.66420664206642
1953;26;053;1075;13;12.093023255813954
1954;26;054;375;19;50.666666666666664
1955;26;055;500;4;8.0
1956;26;056;3855;52;13.488975356679637
1957;26;057;1687;1;0.5927682276229994
1958;26;058;509;8;15.717092337917485
1959;26;059;1845;29;15.718157181571815
1960;26;060;1114;8;7.1813285457809695
1961;26;061;181;12;66.29834254143647
1962;26;062;1419;11;7.751937984496124
1963;26;063;529;25;47.25897920604915
1964;26;064;101;16;158.41584158415841
1965;26;065;82;1;12.195121951219512
1966;26;066;1173;55;46.888320545609545
1967;26;067;3254;125;38.41425937307929
1968;26;068;540;151;279.6296296296296
1969;26;069;1393;23;16.511127063890882
1970;26;070;1687;17;10.07705986959099
1971;26;071;1802;28;15.538290788013319
1972;26;072;1498;30;20.026702269692922
1973;27;001;488;24;49.18032786885246
1974;27;002;1144;5;4.370629370629371
1975;27;003;423;30;70.92198581560284
1976;27;004;83;54;650.6024096385543
1977;27;005;244;5;20.491803278688526
1978;27;006;1043;14;13.422818791946309
1979;27;007;1866;98;52.51875669882101
1980;27;008;3865;21;5.433376455368693
1981;27;009;4109;94;22.876612314431735
1982;27;010;1173;195;166.24040920716112
1983;27;011;902;28;31.042128603104214
1984;27;012;3373;14;4.150607767565965
1985;27;013;746;160;214.47721179624665
1986;27;014;23;20;869.5652173913044
1987;27;015;1078;71;65.86270871985158
1988;27;016;724;21;29.005524861878452
1989;27;017;4268;114;26.710402999062794
1990;28;001;3707;29;7.823037496628001
1991;28;002;100;5;50.0
1992;28;003;1632;24;14.705882352941176
1993;28;004;1691;8;4.730928444707274
1994;28;005;1420;198;139.43661971830986
1995;28;006;1627;4;2.4585125998770745
1996;28;007;19;27;1421.0526315789473
1997;28;008;451;18;39.91130820399113
1998;28;009;914;16;17.505470459518598
1999;28;010;549;44;80.14571948998179
2000;28;011;639;11;17.21439749608764
2001;28;012;255;2;7.8431372549019605
2002;28;013;1116;28;25.089605734767026
2003;28;014;389;22;56.55526992287918
2004;28;015;4091;173;42.28794915668541
2005;28;016;380;8;21.05263157894737
2006;28;017;134;28;208.955223880597
2007;28;018;1262;20;15.847860538827259
2008;28;019;4238;30;7.078810759792355
2009;28;020;3846;2;0.5200208008320333
2010;28;021;1152;12;10.416666666666666
2011;28;022;1381;0;0.0
2012;28;023;3806;2;0.5254860746190226
2013;28;024;313;21;67.09265175718849
2014;28;025;3341;14;4.190362167015864
2015;28;026;1233;18;14.598540145985401
2016;28;027;583;8;13.722126929674099
2017;28;028;1077;15;13.927576601671309
2018;28;029;228;194;850.8771929824561
2019;28;030;163;7;42.94478527607362
2020;28;031;4149;26;6.266570257893468
2021;28;032;4115;19;4.6172539489671935
2022;28;033;678;101;148.96755162241888
2023;28;034;81;8;98.76543209876543
2024;28;035;1748;26;14.874141876430206
2025;28;036;286;26;90.9090909090909
2026;28;037;1361;30;22.04261572373255
2027;28;038;770;105;136.36363636363637
2028;28;039;196;20;102.04081632653062
2029;28;040;1312;75;57.16463414634146
2030;28;041;3910;19;4.859335038363171
2031;28;042;633;22;34.75513428120063
2032;28;043;1449;23;15.873015873015873
2033;29;001;199;171;859.2964824120603
2034;29;002;788;28;35.53299492385787
2035;29;003;1677;182;108.52713178294573
2036;29;004;3692;26;7.042253521126761
2037;29;005;1630;10;6.134969325153374
2038;29;006;1570;103;65.60509554140127
2039;29;007;3311;21;6.342494714587738
2040;29;008;4293;147;34.241788958770094
2041;29;009;869;21;24.165707710011507
2042;29;010;56;29;517.8571428571429
2043;29;011;252;9;35.714285714285715
2044;29;012;4160;1;0.2403846153846154
2045;29;013;420;84;200.0
2046;29;014;1755;18;10.256410256410257
2047;29;015;1274;3;2.3547880690737832
2048;29;016;1645;17;10.33434650455927
2049;29;017;187;6;32.0855614973262
2050;29;018;907;28;30.8710033076075
2051;29;019;4393;103;23.446391987252447
2052;29;020;3514;110;31.30335799658509
2053;29;021;3781;5;1.3224014810896587
2054;29;022;3737;3;0.8027829810008028
2055;29;023;278;30;107.9136690647482
2056;29;024;1175;16;13.617021276595745
2057;29;025;960;30;31.25
2058;29;026;151;19;125.82781456953643
2059;29;027;3877;0;0.0
2060;29;028;1055;15;14.218009478672986
2061;29;029;3814;2;0.5243838489774515
2062;29;030;1403;143;101.92444761225944
2063;29;031;1668;17;10.191846522781775
2064;29;032;1424;16;11.235955056179776
2065;29;033;1395;19;13.620071684587813
2066;29;034;4190;3;0.7159904534606205
2067;29;035;1304;7;5.368098159509202
2068;29;036;83;27;325.30120481927713
2069;29;037;858;8;9.324009324009324
2070;29;038;3478;145;41.69062679700978
2071;29;039;86;13;151.1627906976744
2072;29;040;3665;8;2.1828103683492497
2073;29;041;1834;12;6.543075245365322
2074;29;042;1550;5;3.225806451612903
2075;29;043;4149;17;4.097372860930345
2076;29;044;3840;17;4.427083333333333
2077;29;045;1481;8;5.401755570560432
2078;29;046;1535;11;7.166123778501628
2079;29;047;1285;12;9.33852140077821
2080;29;048;1763;23;13.045944412932501
2081;29;049;618;20;32.362459546925564
2082;29;050;0;91;inf
2083;29;051;766;133;173.62924281984334
2084;29;052;1957;11;5.620848237097598
2085;29;053;365;11;30.136986301369863
2086;29;054;1130;0;0.0
2087;29;055;1582;20;12.642225031605562
2088;29;056;454;22;48.458149779735685
2089;29;057;3406;24;7.046388725778039
2090;29;058;1514;11;7.265521796565389
2091;29;059;1522;25;16.4257555847569
2092;29;060;124;162;1306.4516129032259
2093;30;001;261;13;49.808429118773944
2094;30;002;3840;194;50.520833333333336
2095;30;003;1281;4;3.12256049960968
2096;30;004;330;24;72.72727272727273
2097;30;005;1221;171;140.04914004914005
2098;30;006;1093;17;15.553522415370539
2099;30;007;1553;30;19.31745009658725
2100;30;008;893;114;127.65957446808511
2101;30;009;451;192;425.7206208425721
2102;30;010;1661;45;27.092113184828417
2103;30;011;1908;13;6.813417190775682
2104;30;012;1363;12;8.804108584005869
2105;30;013;1911;130;68.02721088435374
2106;30;014;1563;0;0.0
2107;30;015;3953;2;0.5059448520111308
2108;30;016;1641;13;7.921998781230957
2109;30;017;384;19;49.479166666666664
2110;30;018;3774;21;5.5643879173290935
2111;30;019;879;24;27.303754266211605
2112;30;020;1745;17;9.742120343839542
2113;30;021;3278;23;7.0164734594264795
2114;30;022;1030;185;179.61165048543688
2115;30;023;872;19;21.788990825688074
2116;30;024;1410;23;16.31205673758865
2117;30;025;787;79;100.38119440914866
2118;30;026;1849;25;13.520822065981612
2119;30;027;471;41;87.04883227176221
2120;30;028;784;9;11.479591836734693
2121;30;029;3403;0;0.0
2122;30;030;1651;27;16.353725015142338
2123;30;031;3684;2;0.5428881650380022
2124;30;032;1253;2;1.596169193934557
2125;30;033;3266;25;7.654623392529087
2126;30;034;200;5;25.0
2127;30;035;3456;83;24.016203703703702
2128;30;036;1352;22;16.272189349112427
2129;30;037;1298;22;16.949152542372882
2130;30;038;4240;14;3.30188679245283
2131;30;039;37;25;675.6756756756756
2132;30;040;573;154;268.760907504363
2133;30;041;1267;20;15.785319652722968
2134;30;042;958;28;29.227557411273487
2135;30;043;1935;23;11.886304909560723
2136;30;044;3826;24;6.2728698379508625
2137;30;045;1572;16;10.178117048346056
2138;30;046;608;31;50.98684210526316
2139;30;047;907;5;5.512679162072767
2140;30;048;147;11;74.82993197278911
2141;30;049;1164;7;6.013745704467354
2142;30;050;3910;0;0.0
2143;30;051;1966;163;82.90946083418108
2144;30;052;3515;10;2.844950213371266
2145;30;053;700;10;14.285714285714286
2146;30;054;205;21;102.4390243902439
2147;30;055;145;5;34.48275862068966
2148;30;056;357;5;14.005602240896359
2149;30;057;23;0;0.0
2150;30;058;1111;21;18.901890189018903
2151;30;059;1210;0;0.0
2152;30;060;4353;13;2.9864461291063633
2153;30;061;3827;157;41.02430101907499
2154;30;062;235;30;127.65957446808511
2155;30;063;633;162;255.92417061611374
2156;30;064;790;23;29.11392405063291
2157;30;065;533;21;39.39962476547842
2158;30;066;3898;17;4.361210877373011
2159;30;067;1278;3;2.347417840375587
2160;30;068;1578;13;8.238276299112801
2161;30;069;1000;12;12.0
2162;30;070;692;77;111.27167630057804
2163;30;071;422;26;61.611374407582936
2164;30;072;803;27;33.623910336239106
2165;30;073;738;22;29.81029810298103
2166;30;074;1904;23;12.079831932773109
2167;30;075;275;15;54.54545454545455
2168;30;076;305;21;68.85245901639344
2169;30;077;1375;19;13.818181818181818
2170;30;078;783;14;17.879948914431672
2171;30;079;3286;24;7.303712720632989
2172;30;080;810;14;17.28395061728395
2173;30;081;4004;12;2.997002997002997
2174;30;082;4078;15;3.678273663560569
2175;30;083;3214;22;6.845052893590541
2176;30;084;3807;4;1.050696086157079
2177;30;085;44;25;568.1818181818181
2178;30;086;1931;114;59.03676851372346
2179;30;087;3724;104;27.926960257787325
2180;30;088;105;12;114.28571428571429
2181;30;089;1526;6;3.9318479685452163
2182;30;090;431;24;55.68445475638051
2183;30;091;19;11;578.9473684210526
2184;30;092;3264;148;45.34313725490196
2185;30;093;3572;2;0.5599104143337066
2186;30;094;1212;20;16.501650165016503
2187;30;095;338;116;343.1952662721894
2188;30;096;1795;12;6.685236768802229
2189;30;097;4376;25;5.712979890310786
2190;30;098;3602;27;7.4958356468628535
2191;30;099;41;9;219.5121951219512
2192;30;100;970;14;14.43298969072165
2193;30;101;1046;185;176.86424474187382
2194;30;102;838;25;29.832935560859188
2195;30;103;206;44;213.59223300970874
2196;30;104;4395;2;0.4550625711035267
2197;30;105;726;98;134.9862258953168
2198;30;106;4003;18;4.496627529352986
2199;30;107;1759;12;6.822057987492894
2200;30;108;556;157;282.37410071942446
2201;30;109;3307;25;7.559721802237678
2202;30;110;3940;23;5.83756345177665
2203;30;111;3343;23;6.880047861202513
2204;30;112;632;18;28.481012658227847
2205;30;113;755;169;223.841059602649
2206;30;114;268;7;26.119402985074625
2207;30;115;4418;12;2.716161158895428
2208;30;116;1477;42;28.436018957345972
2209;30;117;578;21;36.332179930795846
2210;30;118;4116;80;19.43634596695821
2211;30;119;1727;36;20.845396641574986
2212;30;120;1816;13;7.158590308370044
2213;30;121;1918;11;5.735140771637122
2214;30;122;1189;8;6.72834314550042
2215;30;123;501;121;241.51696606786427
2216;30;124;4355;29;6.659012629161883
2217;30;125;392;10;25.510204081632654
2218;30;126;82;3;36.58536585365854
2219;30;127;1398;21;15.021459227467812
2220;30;128;1897;6;3.16288877174486
2221;30;129;3663;8;2.184002184002184
2222;30;130;4170;11;2.6378896882494005
2223;30;131;1312;146;111.28048780487805
2224;30;132;1858;22;11.840688912809473
2225;30;133;1239;12;9.685230024213075
2226;30;134;1701;23;13.52145796590241
2227;30;135;1573;15;9.535918626827717
2228;30;136;519;132;254.33526011560693
2229;30;137;79;13;164.55696202531647
2230;30;138;4051;19;4.6901999506294745
2231;30;139;1111;91;81.90819081908191
2232;30;140;435;115;264.367816091954
2233;30;141;3275;26;7.938931297709924
2234;30;142;4248;18;4.237288135593221
2235;30;143;134;3;22.388059701492537
2236;30;144;4406;28;6.354970494779845
2237;30;145;3336;17;5.095923261390888
2238;30;146;1325;14;10.566037735849056
2239;30;147;801;12;14.9812734082397
2240;30;148;654;17;25.99388379204893
2241;30;149;245;19;77.55102040816327
2242;30;150;988;23;23.279352226720647
2243;30;151;1665;6;3.6036036036036037
2244;30;152;758;109;143.7994722955145
2245;30;153;713;24;33.66058906030855
2246;30;154;1673;163;97.42976688583383
2247;30;155;1734;21;12.110726643598616
2248;30;156;3724;20;5.370569280343717
2249;30;157;24;23;958.3333333333334
2250;30;158;836;30;35.88516746411483
2251;30;159;34;23;676.4705882352941
2252;30;160;4254;29;6.817113305124589
2253;30;161;4084;6;1.4691478942213516
2254;30;162;624;4;6.410256410256411
2255;30;163;272;18;66.17647058823529
2256;30;164;1201;13;10.824313072439633
2257;30;165;4244;24;5.655042412818096
2258;30;166;1273;19;14.925373134328359
2259;30;167;3945;29;7.3510773130545
2260;30;168;1151;102;88.61859252823632
2261;30;169;83;22;265.06024096385545
2262;30;170;957;19;19.853709508881924
2263;30;171;815;17;20.858895705521473
2264;30;172;3685;17;4.613297150610584
2265;30;173;4;12;3000.0
2266;30;174;81;2;24.691358024691358
2267;30;175;3465;3;0.8658008658008658
2268;30;176;251;7;27.888446215139442
2269;30;177;112;29;258.92857142857144
2270;30;178;1089;16;14.692378328741965
2271;30;179;4076;170;41.707556427870465
2272;30;180;559;29;51.8783542039356
2273;30;181;1481;16;10.803511141120865
2274;30;182;3854;11;2.8541774779449924
2275;30;183;3944;6;1.5212981744421907
2276;30;184;3512;187;53.24601366742597
2277;30;185;433;0;0.0
2278;30;186;1112;9;8.093525179856115
2279;30;187;1600;29;18.125
2280;30;188;1192;46;38.59060402684564
2281;30;189;730;7;9.58904109589041
2282;30;190;770;28;36.36363636363637
2283;30;191;1111;27;24.302430243024304
2284;30;192;4247;6;1.4127619496114905
2285;30;193;1408;26;18.46590909090909
2286;30;194;1624;23;14.16256157635468
2287;30;195;584;11;18.835616438356166
2288;30;196;1258;4;3.179650238473768
2289;30;197;65;167;2569.230769230769
2290;30;198;1424;9;6.320224719101123
2291;30;199;3645;0;0.0
2292;30;200;3874;86;22.19927723283428
2293;30;201;3496;14;4.004576659038902
2294;30;202;655;54;82.44274809160305
2295;30;203;3443;30;8.713331397037468
2296;30;204;3965;8;2.01765447667087
2297;30;205;1394;52;37.30272596843616
2298;30;206;4188;19;4.536771728748806
2299;30;207;1418;22;15.514809590973202
2300;30;208;4283;12;2.801774457156199
2301;30;209;718;17;23.676880222841227
2302;30;210;443;0;0.0
2303;30;211;1379;89;64.53952139231328
2304;30;212;4092;15;3.665689149560117
2305;31;001;3782;24;6.345848757271285
2306;31;002;829;22;26.537997587454765
2307;31;003;4219;0;0.0
2308;31;004;510;27;52.94117647058823
2309;31;005;3566;49;13.740886146943353
2310;31;006;314;10;31.84713375796178
2311;31;007;1090;11;10.091743119266056
2312;31;008;43;13;302.3255813953488
2313;31;009;4118;17;4.12821758135017
2314;31;010;1145;9;7.860262008733624
2315;31;011;1829;9;4.920721705850191
2316;31;012;485;0;0.0
2317;31;013;1260;7;5.555555555555555
2318;31;014;902;30;33.25942350332594
2319;31;015;3479;20;5.748778384593274
2320;31;016;3645;24;6.584362139917696
2321;31;017;1173;11;9.377664109121909
2322;31;018;222;27;121.62162162162163
2323;31;019;3619;9;2.486874827300359
2324;31;020;1521;13;8.547008547008547
2325;31;021;1217;29;23.8290879211175
2326;31;022;1894;17;8.97571277719113
2327;31;023;549;17;30.965391621129324
2328;31;024;4359;143;32.80568937829778
2329;31;025;249;25;100.40160642570281
2330;31;026;1584;31;19.57070707070707
2331;31;027;311;122;392.2829581993569
2332;31;028;1489;13;8.730691739422431
2333;31;029;52;134;2576.923076923077
2334;31;030;986;102;103.44827586206897
2335;31;031;1790;15;8.379888268156424
2336;31;032;45;24;533.3333333333334
2337;31;033;1259;67;53.21683876092137
2338;31;034;1224;6;4.901960784313726
2339;31;035;3497;11;3.1455533314269375
2340;31;036;954;3;3.1446540880503147
2341;31;037;3429;164;47.82735491396909
2342;31;038;1160;2;1.7241379310344827
2343;31;039;4169;10;2.3986567522187574
2344;31;040;3486;31;8.89271371199082
2345;31;041;1092;137;125.45787545787546
2346;31;042;3929;185;47.08577246118605
2347;31;043;1936;20;10.330578512396695
2348;31;044;1196;178;148.8294314381271
2349;31;045;3837;3;0.7818608287724785
2350;31;046;1329;193;145.221971407073
2351;31;047;3328;15;4.507211538461538
2352;31;048;1588;161;101.3853904282116
2353;31;049;89;29;325.8426966292135
2354;31;050;265;12;45.283018867924525
2355;31;051;3493;3;0.8588605782994561
2356;31;052;3244;30;9.247842170160295
2357;31;053;4064;8;1.968503937007874
2358;31;054;3669;15;4.088307440719542
2359;31;055;1448;20;13.812154696132596
2360;31;056;3457;30;8.678044547295343
2361;31;057;775;109;140.6451612903226
2362;31;058;808;16;19.801980198019802
2363;31;059;1033;23;22.265246853823815
2364;31;060;1243;27;21.72164119066774
2365;31;061;4457;29;6.506618801884676
2366;31;062;754;157;208.22281167108753
2367;31;063;4174;24;5.749880210828941
2368;31;064;3243;27;8.325624421831638
2369;31;065;1722;1;0.5807200929152149
2370;31;066;1037;62;59.78784956605593
2371;31;067;1431;24;16.771488469601678
2372;31;068;467;20;42.82655246252676
2373;31;069;408;2;4.901960784313726
2374;31;070;1161;13;11.19724375538329
2375;31;071;796;13;16.331658291457288
2376;31;072;1111;11;9.900990099009901
2377;31;073;1254;22;17.54385964912281
2378;31;074;1589;35;22.026431718061673
2379;31;075;1369;1;0.7304601899196493
2380;31;076;3755;14;3.728362183754993
2381;31;077;519;2;3.8535645472061657
2382;31;078;3905;132;33.80281690140845
2383;31;079;4497;25;5.55926173004225
2384;31;080;3796;7;1.8440463645943097
2385;31;081;375;3;8.0
2386;31;082;4421;22;4.976249717258539
2387;31;083;224;82;366.07142857142856
2388;31;084;3476;22;6.329113924050633
2389;31;085;3988;11;2.7582748244734203
2390;31;086;4232;30;7.088846880907372
2391;31;087;1717;184;107.16365754222481
2392;31;088;1183;18;15.215553677092139
2393;31;089;1983;9;4.53857791225416
2394;31;090;3844;19;4.942767950052029
2395;31;091;837;3;3.5842293906810037
2396;31;092;95;27;284.2105263157895
2397;31;093;3849;28;7.274616783580151
2398;31;094;4377;24;5.483207676490747
2399;31;095;917;7;7.633587786259542
2400;31;096;3529;16;4.533862283933126
2401;31;097;4392;7;1.5938069216757742
2402;31;098;1844;2;1.0845986984815619
2403;31;099;3685;4;1.0854816824966078
2404;31;100;1186;29;24.45193929173693
2405;31;101;3476;1;0.28768699654775604
2406;31;102;459;13;28.32244008714597
2407;31;103;1469;36;24.506466984343092
2408;31;104;3637;41;11.27302722023646
2409;31;105;828;31;37.43961352657005
2410;31;106;1754;2;1.1402508551881414
2411;32;001;45;9;200.0
2412;32;002;1757;28;15.936254980079681
2413;32;003;917;49;53.43511450381679
2414;32;004;4026;149;37.00943864878291
2415;32;005;28;25;892.8571428571429
2416;32;006;433;1;2.3094688221709005
2417;32;007;905;19;20.994475138121548
2418;32;008;4163;68;16.33437424933942
2419;32;009;307;38;123.7785016286645
2420;32;010;4487;18;4.011589034989971
2421;32;011;3646;5;1.3713658804168953
2422;32;012;402;114;283.5820895522388
2423;32;013;1642;7;4.263093788063338
2424;32;014;3255;67;20.583717357910906
2425;32;015;1425;2;1.4035087719298245
2426;32;016;153;119;777.7777777777778
2427;32;017;1;15;15000.0
2428;32;018;3438;16;4.653868528214078
2429;32;019;4291;26;6.059193661151247
2430;32;020;3337;22;6.592747977225052
2431;32;021;1649;7;4.244996967859309
2432;32;022;1124;12;10.676156583629894
2433;32;023;1567;30;19.14486279514997
2434;32;024;109;25;229.3577981651376
2435;32;025;1238;10;8.077544426494345
2436;32;026;1555;2;1.2861736334405145
2437;32;027;1349;28;20.756115641215715
2438;32;028;1298;184;141.75654853620955
2439;32;029;882;28;31.746031746031747
2440;32;030;1089;79;72.54361799816346
2441;32;031;4236;17;4.013220018885741
2442;32;032;452;15;33.1858407079646
2443;32;033;4451;90;20.22017524151876
2444;32;034;1787;12;6.715165081141578
2445;32;035;3980;29;7.28643216080402
2446;32;036;647;22;34.003091190108194
2447;32;037;4057;10;2.464875523786049
2448;32;038;3866;5;1.2933264355923435
2449;32;039;979;4;4.085801838610827
2450;32;040;399;196;491.2280701754386
2451;32;041;3692;106;28.710725893824485
2452;32;042;3819;55;14.401675831369468
2453;32;043;1090;6;5.504587155963303
2454;32;044;866;19;21.939953810623557
2455;32;045;4097;19;4.637539663168172
2456;32;046;1703;18;10.569583088667057
2457;32;047;791;13;16.43489254108723
2458;32;048;289;10;34.602076124567475
2459;32;049;53;4;75.47169811320755
2460;32;050;1649;57;34.56640388114008
2461;32;051;1310;98;74.80916030534351
2462;32;052;715;10;13.986013986013987
2463;32;053;3799;24;6.317451961042379
2464;32;054;1097;114;103.91978122151322
2465;32;055;4049;2;0.49394912324030626
2466;32;056;3284;0;0.0
2467;32;057;1467;136;92.706203135651
2468;32;058;4271;30;7.024116132053384
